domain,cathpdb,pdb,uniprot_acc,uniprot_id,atom_number,atom_name,residue_name,IBS,chain_id,residue_number,b_factor,sec_struc,sec_struc_full,prot_block,data_type,Experimental Method,convhull_vertex,protrusion,is_hydrophobic_protrusion,is_co_insertable,neighboursID,density,exposition,S35,S60,S95,S100,uniref50,uniref90,uniref100,resolution,origin,residue_index,location,taxon
PH,4ekuA03,4EKU,Q14289,FAK2_HUMAN,1997,CA,ILE,FALSE,A,260,75.86,C,-,Z,cathpdb,X-ray diffraction,FALSE,FALSE,FALSE,FALSE,,0,exposed,80,80.2,80.2.1,80.2.1.1,Q14289,Q14289,Q14289,3.25,HUMAN,0,"['Cytoplasm', 'Cytoplasm', 'Perinuclear region', 'Cell membrane', 'Cell junction', 'Focal adhesion', 'Cell projection', 'Lamellipodium', 'Cytoplasm', 'Cell cortex', 'Nucleus']",Eukaryota/Metazoa
PH,4ekuA03,4EKU,Q14289,FAK2_HUMAN,2000,CB,ILE,FALSE,A,260,73.36,C,-,Z,cathpdb,X-ray diffraction,TRUE,TRUE,TRUE,FALSE,261;262;263,7,exposed,80,80.2,80.2.1,80.2.1.1,Q14289,Q14289,Q14289,3.25,HUMAN,0,"['Cytoplasm', 'Cytoplasm', 'Perinuclear region', 'Cell membrane', 'Cell junction', 'Focal adhesion', 'Cell projection', 'Lamellipodium', 'Cytoplasm', 'Cell cortex', 'Nucleus']",Eukaryota/Metazoa
PH,4ekuA03,4EKU,Q14289,FAK2_HUMAN,2005,CA,ASP,FALSE,A,261,76.51,C,-,Z,cathpdb,X-ray diffraction,FALSE,FALSE,FALSE,FALSE,,0,exposed,80,80.2,80.2.1,80.2.1.1,Q14289,Q14289,Q14289,3.25,HUMAN,1,"['Cytoplasm', 'Cytoplasm', 'Perinuclear region', 'Cell membrane', 'Cell junction', 'Focal adhesion', 'Cell projection', 'Lamellipodium', 'Cytoplasm', 'Cell cortex', 'Nucleus']",Eukaryota/Metazoa
PH,4ekuA03,4EKU,Q14289,FAK2_HUMAN,2008,CB,ASP,FALSE,A,261,79.1,C,-,Z,cathpdb,X-ray diffraction,TRUE,TRUE,FALSE,FALSE,260;262;263;280;281;282;283;284,15,exposed,80,80.2,80.2.1,80.2.1.1,Q14289,Q14289,Q14289,3.25,HUMAN,1,"['Cytoplasm', 'Cytoplasm', 'Perinuclear region', 'Cell membrane', 'Cell junction', 'Focal adhesion', 'Cell projection', 'Lamellipodium', 'Cytoplasm', 'Cell cortex', 'Nucleus']",Eukaryota/Metazoa
PH,4ekuA03,4EKU,Q14289,FAK2_HUMAN,2013,CA,GLN,FALSE,A,262,79.48,C,-,c,cathpdb,X-ray diffraction,FALSE,FALSE,FALSE,FALSE,,0,exposed,80,80.2,80.2.1,80.2.1.1,Q14289,Q14289,Q14289,3.25,HUMAN,2,"['Cytoplasm', 'Cytoplasm', 'Perinuclear region', 'Cell membrane', 'Cell junction', 'Focal adhesion', 'Cell projection', 'Lamellipodium', 'Cytoplasm', 'Cell cortex', 'Nucleus']",Eukaryota/Metazoa
PH,4ekuA03,4EKU,Q14289,FAK2_HUMAN,2016,CB,GLN,FALSE,A,262,84.44,C,-,c,cathpdb,X-ray diffraction,FALSE,FALSE,FALSE,FALSE,,0,exposed,80,80.2,80.2.1,80.2.1.1,Q14289,Q14289,Q14289,3.25,HUMAN,2,"['Cytoplasm', 'Cytoplasm', 'Perinuclear region', 'Cell membrane', 'Cell junction', 'Focal adhesion', 'Cell projection', 'Lamellipodium', 'Cytoplasm', 'Cell cortex', 'Nucleus']",Eukaryota/Metazoa
PH,4ekuA03,4EKU,Q14289,FAK2_HUMAN,2022,CA,GLU,FALSE,A,263,77.93,E,E,c,cathpdb,X-ray diffraction,FALSE,FALSE,FALSE,FALSE,,0,exposed,80,80.2,80.2.1,80.2.1.1,Q14289,Q14289,Q14289,3.25,HUMAN,3,"['Cytoplasm', 'Cytoplasm', 'Perinuclear region', 'Cell membrane', 'Cell junction', 'Focal adhesion', 'Cell projection', 'Lamellipodium', 'Cytoplasm', 'Cell cortex', 'Nucleus']",Eukaryota/Metazoa
PH,4ekuA03,4EKU,Q14289,FAK2_HUMAN,2025,CB,GLU,FALSE,A,263,76.7,E,E,c,cathpdb,X-ray diffraction,FALSE,FALSE,FALSE,FALSE,,0,exposed,80,80.2,80.2.1,80.2.1.1,Q14289,Q14289,Q14289,3.25,HUMAN,3,"['Cytoplasm', 'Cytoplasm', 'Perinuclear region', 'Cell membrane', 'Cell junction', 'Focal adhesion', 'Cell projection', 'Lamellipodium', 'Cytoplasm', 'Cell cortex', 'Nucleus']",Eukaryota/Metazoa
PH,4ekuA03,4EKU,Q14289,FAK2_HUMAN,2031,CA,THR,FALSE,A,264,87.16,E,E,d,cathpdb,X-ray diffraction,FALSE,FALSE,FALSE,FALSE,,0,exposed,80,80.2,80.2.1,80.2.1.1,Q14289,Q14289,Q14289,3.25,HUMAN,4,"['Cytoplasm', 'Cytoplasm', 'Perinuclear region', 'Cell membrane', 'Cell junction', 'Focal adhesion', 'Cell projection', 'Lamellipodium', 'Cytoplasm', 'Cell cortex', 'Nucleus']",Eukaryota/Metazoa
PH,4ekuA03,4EKU,Q14289,FAK2_HUMAN,2034,CB,THR,FALSE,A,264,87.66,E,E,d,cathpdb,X-ray diffraction,FALSE,FALSE,FALSE,FALSE,,0,exposed,80,80.2,80.2.1,80.2.1.1,Q14289,Q14289,Q14289,3.25,HUMAN,4,"['Cytoplasm', 'Cytoplasm', 'Perinuclear region', 'Cell membrane', 'Cell junction', 'Focal adhesion', 'Cell projection', 'Lamellipodium', 'Cytoplasm', 'Cell cortex', 'Nucleus']",Eukaryota/Metazoa
PH,4ekuA03,4EKU,Q14289,FAK2_HUMAN,2038,CA,TYR,FALSE,A,265,80.95,E,E,d,cathpdb,X-ray diffraction,FALSE,FALSE,FALSE,FALSE,,0,buried,80,80.2,80.2.1,80.2.1.1,Q14289,Q14289,Q14289,3.25,HUMAN,5,"['Cytoplasm', 'Cytoplasm', 'Perinuclear region', 'Cell membrane', 'Cell junction', 'Focal adhesion', 'Cell projection', 'Lamellipodium', 'Cytoplasm', 'Cell cortex', 'Nucleus']",Eukaryota/Metazoa
PH,4ekuA03,4EKU,Q14289,FAK2_HUMAN,2041,CB,TYR,FALSE,A,265,79.96,E,E,d,cathpdb,X-ray diffraction,FALSE,FALSE,FALSE,FALSE,,0,buried,80,80.2,80.2.1,80.2.1.1,Q14289,Q14289,Q14289,3.25,HUMAN,5,"['Cytoplasm', 'Cytoplasm', 'Perinuclear region', 'Cell membrane', 'Cell junction', 'Focal adhesion', 'Cell projection', 'Lamellipodium', 'Cytoplasm', 'Cell cortex', 'Nucleus']",Eukaryota/Metazoa
PH,4ekuA03,4EKU,Q14289,FAK2_HUMAN,2050,CA,ARG,FALSE,A,266,89.83,E,E,d,cathpdb,X-ray diffraction,FALSE,FALSE,FALSE,FALSE,,0,exposed,80,80.2,80.2.1,80.2.1.1,Q14289,Q14289,Q14289,3.25,HUMAN,6,"['Cytoplasm', 'Cytoplasm', 'Perinuclear region', 'Cell membrane', 'Cell junction', 'Focal adhesion', 'Cell projection', 'Lamellipodium', 'Cytoplasm', 'Cell cortex', 'Nucleus']",Eukaryota/Metazoa
PH,4ekuA03,4EKU,Q14289,FAK2_HUMAN,2053,CB,ARG,FALSE,A,266,94.06,E,E,d,cathpdb,X-ray diffraction,FALSE,FALSE,FALSE,FALSE,,0,exposed,80,80.2,80.2.1,80.2.1.1,Q14289,Q14289,Q14289,3.25,HUMAN,6,"['Cytoplasm', 'Cytoplasm', 'Perinuclear region', 'Cell membrane', 'Cell junction', 'Focal adhesion', 'Cell projection', 'Lamellipodium', 'Cytoplasm', 'Cell cortex', 'Nucleus']",Eukaryota/Metazoa
PH,4ekuA03,4EKU,Q14289,FAK2_HUMAN,2061,CA,CYS,FALSE,A,267,91.51,E,E,d,cathpdb,X-ray diffraction,FALSE,FALSE,FALSE,FALSE,,0,buried,80,80.2,80.2.1,80.2.1.1,Q14289,Q14289,Q14289,3.25,HUMAN,7,"['Cytoplasm', 'Cytoplasm', 'Perinuclear region', 'Cell membrane', 'Cell junction', 'Focal adhesion', 'Cell projection', 'Lamellipodium', 'Cytoplasm', 'Cell cortex', 'Nucleus']",Eukaryota/Metazoa
PH,4ekuA03,4EKU,Q14289,FAK2_HUMAN,2064,CB,CYS,FALSE,A,267,87.05,E,E,d,cathpdb,X-ray diffraction,FALSE,FALSE,FALSE,FALSE,,0,buried,80,80.2,80.2.1,80.2.1.1,Q14289,Q14289,Q14289,3.25,HUMAN,7,"['Cytoplasm', 'Cytoplasm', 'Perinuclear region', 'Cell membrane', 'Cell junction', 'Focal adhesion', 'Cell projection', 'Lamellipodium', 'Cytoplasm', 'Cell cortex', 'Nucleus']",Eukaryota/Metazoa
PH,4ekuA03,4EKU,Q14289,FAK2_HUMAN,2067,CA,GLU,FALSE,A,268,99.87,E,E,d,cathpdb,X-ray diffraction,FALSE,FALSE,FALSE,FALSE,,0,exposed,80,80.2,80.2.1,80.2.1.1,Q14289,Q14289,Q14289,3.25,HUMAN,8,"['Cytoplasm', 'Cytoplasm', 'Perinuclear region', 'Cell membrane', 'Cell junction', 'Focal adhesion', 'Cell projection', 'Lamellipodium', 'Cytoplasm', 'Cell cortex', 'Nucleus']",Eukaryota/Metazoa
PH,4ekuA03,4EKU,Q14289,FAK2_HUMAN,2070,CB,GLU,FALSE,A,268,104.14,E,E,d,cathpdb,X-ray diffraction,FALSE,FALSE,FALSE,FALSE,,0,exposed,80,80.2,80.2.1,80.2.1.1,Q14289,Q14289,Q14289,3.25,HUMAN,8,"['Cytoplasm', 'Cytoplasm', 'Perinuclear region', 'Cell membrane', 'Cell junction', 'Focal adhesion', 'Cell projection', 'Lamellipodium', 'Cytoplasm', 'Cell cortex', 'Nucleus']",Eukaryota/Metazoa
PH,4ekuA03,4EKU,Q14289,FAK2_HUMAN,2076,CA,LEU,FALSE,A,269,95.46,E,E,d,cathpdb,X-ray diffraction,FALSE,FALSE,FALSE,FALSE,,0,buried,80,80.2,80.2.1,80.2.1.1,Q14289,Q14289,Q14289,3.25,HUMAN,9,"['Cytoplasm', 'Cytoplasm', 'Perinuclear region', 'Cell membrane', 'Cell junction', 'Focal adhesion', 'Cell projection', 'Lamellipodium', 'Cytoplasm', 'Cell cortex', 'Nucleus']",Eukaryota/Metazoa
PH,4ekuA03,4EKU,Q14289,FAK2_HUMAN,2079,CB,LEU,FALSE,A,269,89.81,E,E,d,cathpdb,X-ray diffraction,FALSE,FALSE,FALSE,FALSE,,0,buried,80,80.2,80.2.1,80.2.1.1,Q14289,Q14289,Q14289,3.25,HUMAN,9,"['Cytoplasm', 'Cytoplasm', 'Perinuclear region', 'Cell membrane', 'Cell junction', 'Focal adhesion', 'Cell projection', 'Lamellipodium', 'Cytoplasm', 'Cell cortex', 'Nucleus']",Eukaryota/Metazoa
PH,4ekuA03,4EKU,Q14289,FAK2_HUMAN,2084,CA,ILE,FALSE,A,270,110.78,E,E,d,cathpdb,X-ray diffraction,FALSE,FALSE,FALSE,FALSE,,0,exposed,80,80.2,80.2.1,80.2.1.1,Q14289,Q14289,Q14289,3.25,HUMAN,10,"['Cytoplasm', 'Cytoplasm', 'Perinuclear region', 'Cell membrane', 'Cell junction', 'Focal adhesion', 'Cell projection', 'Lamellipodium', 'Cytoplasm', 'Cell cortex', 'Nucleus']",Eukaryota/Metazoa
PH,4ekuA03,4EKU,Q14289,FAK2_HUMAN,2087,CB,ILE,FALSE,A,270,112.33,E,E,d,cathpdb,X-ray diffraction,FALSE,FALSE,FALSE,FALSE,,0,exposed,80,80.2,80.2.1,80.2.1.1,Q14289,Q14289,Q14289,3.25,HUMAN,10,"['Cytoplasm', 'Cytoplasm', 'Perinuclear region', 'Cell membrane', 'Cell junction', 'Focal adhesion', 'Cell projection', 'Lamellipodium', 'Cytoplasm', 'Cell cortex', 'Nucleus']",Eukaryota/Metazoa
PH,4ekuA03,4EKU,Q14289,FAK2_HUMAN,2092,CA,GLN,TRUE,A,271,122.97,C,S,f,cathpdb,X-ray diffraction,FALSE,FALSE,FALSE,FALSE,,0,exposed,80,80.2,80.2.1,80.2.1.1,Q14289,Q14289,Q14289,3.25,HUMAN,11,"['Cytoplasm', 'Cytoplasm', 'Perinuclear region', 'Cell membrane', 'Cell junction', 'Focal adhesion', 'Cell projection', 'Lamellipodium', 'Cytoplasm', 'Cell cortex', 'Nucleus']",Eukaryota/Metazoa
PH,4ekuA03,4EKU,Q14289,FAK2_HUMAN,2095,CB,GLN,TRUE,A,271,120.62,C,S,f,cathpdb,X-ray diffraction,FALSE,FALSE,FALSE,FALSE,,0,exposed,80,80.2,80.2.1,80.2.1.1,Q14289,Q14289,Q14289,3.25,HUMAN,11,"['Cytoplasm', 'Cytoplasm', 'Perinuclear region', 'Cell membrane', 'Cell junction', 'Focal adhesion', 'Cell projection', 'Lamellipodium', 'Cytoplasm', 'Cell cortex', 'Nucleus']",Eukaryota/Metazoa
PH,4ekuA03,4EKU,Q14289,FAK2_HUMAN,2101,CA,GLY,TRUE,A,272,144,C,S,b,cathpdb,X-ray diffraction,TRUE,FALSE,FALSE,FALSE,,0,exposed,80,80.2,80.2.1,80.2.1.1,Q14289,Q14289,Q14289,3.25,HUMAN,12,"['Cytoplasm', 'Cytoplasm', 'Perinuclear region', 'Cell membrane', 'Cell junction', 'Focal adhesion', 'Cell projection', 'Lamellipodium', 'Cytoplasm', 'Cell cortex', 'Nucleus']",Eukaryota/Metazoa
PH,4ekuA03,4EKU,Q14289,FAK2_HUMAN,2105,CA,TRP,TRUE,A,273,141.41,C,S,d,cathpdb,X-ray diffraction,FALSE,FALSE,FALSE,FALSE,,0,exposed,80,80.2,80.2.1,80.2.1.1,Q14289,Q14289,Q14289,3.25,HUMAN,13,"['Cytoplasm', 'Cytoplasm', 'Perinuclear region', 'Cell membrane', 'Cell junction', 'Focal adhesion', 'Cell projection', 'Lamellipodium', 'Cytoplasm', 'Cell cortex', 'Nucleus']",Eukaryota/Metazoa
PH,4ekuA03,4EKU,Q14289,FAK2_HUMAN,2108,CB,TRP,TRUE,A,273,145.18,C,S,d,cathpdb,X-ray diffraction,TRUE,TRUE,TRUE,FALSE,269;270;271;272;274;275,11,exposed,80,80.2,80.2.1,80.2.1.1,Q14289,Q14289,Q14289,3.25,HUMAN,13,"['Cytoplasm', 'Cytoplasm', 'Perinuclear region', 'Cell membrane', 'Cell junction', 'Focal adhesion', 'Cell projection', 'Lamellipodium', 'Cytoplasm', 'Cell cortex', 'Nucleus']",Eukaryota/Metazoa
PH,4ekuA03,4EKU,Q14289,FAK2_HUMAN,2119,CA,ASN,TRUE,A,274,127.48,C,-,c,cathpdb,X-ray diffraction,FALSE,FALSE,FALSE,FALSE,,0,exposed,80,80.2,80.2.1,80.2.1.1,Q14289,Q14289,Q14289,3.25,HUMAN,14,"['Cytoplasm', 'Cytoplasm', 'Perinuclear region', 'Cell membrane', 'Cell junction', 'Focal adhesion', 'Cell projection', 'Lamellipodium', 'Cytoplasm', 'Cell cortex', 'Nucleus']",Eukaryota/Metazoa
PH,4ekuA03,4EKU,Q14289,FAK2_HUMAN,2122,CB,ASN,TRUE,A,274,127.06,C,-,c,cathpdb,X-ray diffraction,FALSE,FALSE,FALSE,FALSE,,0,exposed,80,80.2,80.2.1,80.2.1.1,Q14289,Q14289,Q14289,3.25,HUMAN,14,"['Cytoplasm', 'Cytoplasm', 'Perinuclear region', 'Cell membrane', 'Cell junction', 'Focal adhesion', 'Cell projection', 'Lamellipodium', 'Cytoplasm', 'Cell cortex', 'Nucleus']",Eukaryota/Metazoa
PH,4ekuA03,4EKU,Q14289,FAK2_HUMAN,2127,CA,ILE,TRUE,A,275,121.37,C,-,d,cathpdb,X-ray diffraction,FALSE,FALSE,FALSE,FALSE,,0,exposed,80,80.2,80.2.1,80.2.1.1,Q14289,Q14289,Q14289,3.25,HUMAN,15,"['Cytoplasm', 'Cytoplasm', 'Perinuclear region', 'Cell membrane', 'Cell junction', 'Focal adhesion', 'Cell projection', 'Lamellipodium', 'Cytoplasm', 'Cell cortex', 'Nucleus']",Eukaryota/Metazoa
PH,4ekuA03,4EKU,Q14289,FAK2_HUMAN,2130,CB,ILE,TRUE,A,275,123.03,C,-,d,cathpdb,X-ray diffraction,FALSE,FALSE,FALSE,FALSE,,0,exposed,80,80.2,80.2.1,80.2.1.1,Q14289,Q14289,Q14289,3.25,HUMAN,15,"['Cytoplasm', 'Cytoplasm', 'Perinuclear region', 'Cell membrane', 'Cell junction', 'Focal adhesion', 'Cell projection', 'Lamellipodium', 'Cytoplasm', 'Cell cortex', 'Nucleus']",Eukaryota/Metazoa
PH,4ekuA03,4EKU,Q14289,FAK2_HUMAN,2135,CA,THR,TRUE,A,276,112.74,C,-,d,cathpdb,X-ray diffraction,FALSE,FALSE,FALSE,FALSE,,0,exposed,80,80.2,80.2.1,80.2.1.1,Q14289,Q14289,Q14289,3.25,HUMAN,16,"['Cytoplasm', 'Cytoplasm', 'Perinuclear region', 'Cell membrane', 'Cell junction', 'Focal adhesion', 'Cell projection', 'Lamellipodium', 'Cytoplasm', 'Cell cortex', 'Nucleus']",Eukaryota/Metazoa
PH,4ekuA03,4EKU,Q14289,FAK2_HUMAN,2138,CB,THR,TRUE,A,276,115.31,C,-,d,cathpdb,X-ray diffraction,FALSE,FALSE,FALSE,FALSE,,0,exposed,80,80.2,80.2.1,80.2.1.1,Q14289,Q14289,Q14289,3.25,HUMAN,16,"['Cytoplasm', 'Cytoplasm', 'Perinuclear region', 'Cell membrane', 'Cell junction', 'Focal adhesion', 'Cell projection', 'Lamellipodium', 'Cytoplasm', 'Cell cortex', 'Nucleus']",Eukaryota/Metazoa
PH,4ekuA03,4EKU,Q14289,FAK2_HUMAN,2142,CA,VAL,FALSE,A,277,102.87,E,E,d,cathpdb,X-ray diffraction,FALSE,FALSE,FALSE,FALSE,,0,buried,80,80.2,80.2.1,80.2.1.1,Q14289,Q14289,Q14289,3.25,HUMAN,17,"['Cytoplasm', 'Cytoplasm', 'Perinuclear region', 'Cell membrane', 'Cell junction', 'Focal adhesion', 'Cell projection', 'Lamellipodium', 'Cytoplasm', 'Cell cortex', 'Nucleus']",Eukaryota/Metazoa
PH,4ekuA03,4EKU,Q14289,FAK2_HUMAN,2145,CB,VAL,FALSE,A,277,102.37,E,E,d,cathpdb,X-ray diffraction,FALSE,FALSE,FALSE,FALSE,,0,buried,80,80.2,80.2.1,80.2.1.1,Q14289,Q14289,Q14289,3.25,HUMAN,17,"['Cytoplasm', 'Cytoplasm', 'Perinuclear region', 'Cell membrane', 'Cell junction', 'Focal adhesion', 'Cell projection', 'Lamellipodium', 'Cytoplasm', 'Cell cortex', 'Nucleus']",Eukaryota/Metazoa
PH,4ekuA03,4EKU,Q14289,FAK2_HUMAN,2149,CA,ASP,FALSE,A,278,92.53,E,E,d,cathpdb,X-ray diffraction,FALSE,FALSE,FALSE,FALSE,,0,buried,80,80.2,80.2.1,80.2.1.1,Q14289,Q14289,Q14289,3.25,HUMAN,18,"['Cytoplasm', 'Cytoplasm', 'Perinuclear region', 'Cell membrane', 'Cell junction', 'Focal adhesion', 'Cell projection', 'Lamellipodium', 'Cytoplasm', 'Cell cortex', 'Nucleus']",Eukaryota/Metazoa
PH,4ekuA03,4EKU,Q14289,FAK2_HUMAN,2152,CB,ASP,FALSE,A,278,94.34,E,E,d,cathpdb,X-ray diffraction,FALSE,FALSE,FALSE,FALSE,,0,buried,80,80.2,80.2.1,80.2.1.1,Q14289,Q14289,Q14289,3.25,HUMAN,18,"['Cytoplasm', 'Cytoplasm', 'Perinuclear region', 'Cell membrane', 'Cell junction', 'Focal adhesion', 'Cell projection', 'Lamellipodium', 'Cytoplasm', 'Cell cortex', 'Nucleus']",Eukaryota/Metazoa
PH,4ekuA03,4EKU,Q14289,FAK2_HUMAN,2157,CA,LEU,FALSE,A,279,82.11,E,E,d,cathpdb,X-ray diffraction,FALSE,FALSE,FALSE,FALSE,,0,buried,80,80.2,80.2.1,80.2.1.1,Q14289,Q14289,Q14289,3.25,HUMAN,19,"['Cytoplasm', 'Cytoplasm', 'Perinuclear region', 'Cell membrane', 'Cell junction', 'Focal adhesion', 'Cell projection', 'Lamellipodium', 'Cytoplasm', 'Cell cortex', 'Nucleus']",Eukaryota/Metazoa
PH,4ekuA03,4EKU,Q14289,FAK2_HUMAN,2160,CB,LEU,FALSE,A,279,80.01,E,E,d,cathpdb,X-ray diffraction,FALSE,FALSE,FALSE,FALSE,,0,buried,80,80.2,80.2.1,80.2.1.1,Q14289,Q14289,Q14289,3.25,HUMAN,19,"['Cytoplasm', 'Cytoplasm', 'Perinuclear region', 'Cell membrane', 'Cell junction', 'Focal adhesion', 'Cell projection', 'Lamellipodium', 'Cytoplasm', 'Cell cortex', 'Nucleus']",Eukaryota/Metazoa
PH,4ekuA03,4EKU,Q14289,FAK2_HUMAN,2165,CA,VAL,FALSE,A,280,77.6,E,E,d,cathpdb,X-ray diffraction,FALSE,FALSE,FALSE,FALSE,,0,buried,80,80.2,80.2.1,80.2.1.1,Q14289,Q14289,Q14289,3.25,HUMAN,20,"['Cytoplasm', 'Cytoplasm', 'Perinuclear region', 'Cell membrane', 'Cell junction', 'Focal adhesion', 'Cell projection', 'Lamellipodium', 'Cytoplasm', 'Cell cortex', 'Nucleus']",Eukaryota/Metazoa
PH,4ekuA03,4EKU,Q14289,FAK2_HUMAN,2168,CB,VAL,FALSE,A,280,79.66,E,E,d,cathpdb,X-ray diffraction,FALSE,FALSE,FALSE,FALSE,,0,buried,80,80.2,80.2.1,80.2.1.1,Q14289,Q14289,Q14289,3.25,HUMAN,20,"['Cytoplasm', 'Cytoplasm', 'Perinuclear region', 'Cell membrane', 'Cell junction', 'Focal adhesion', 'Cell projection', 'Lamellipodium', 'Cytoplasm', 'Cell cortex', 'Nucleus']",Eukaryota/Metazoa
PH,4ekuA03,4EKU,Q14289,FAK2_HUMAN,2172,CA,ILE,FALSE,A,281,71.01,E,E,d,cathpdb,X-ray diffraction,FALSE,FALSE,FALSE,FALSE,,0,buried,80,80.2,80.2.1,80.2.1.1,Q14289,Q14289,Q14289,3.25,HUMAN,21,"['Cytoplasm', 'Cytoplasm', 'Perinuclear region', 'Cell membrane', 'Cell junction', 'Focal adhesion', 'Cell projection', 'Lamellipodium', 'Cytoplasm', 'Cell cortex', 'Nucleus']",Eukaryota/Metazoa
PH,4ekuA03,4EKU,Q14289,FAK2_HUMAN,2175,CB,ILE,FALSE,A,281,69.09,E,E,d,cathpdb,X-ray diffraction,FALSE,FALSE,FALSE,FALSE,,0,buried,80,80.2,80.2.1,80.2.1.1,Q14289,Q14289,Q14289,3.25,HUMAN,21,"['Cytoplasm', 'Cytoplasm', 'Perinuclear region', 'Cell membrane', 'Cell junction', 'Focal adhesion', 'Cell projection', 'Lamellipodium', 'Cytoplasm', 'Cell cortex', 'Nucleus']",Eukaryota/Metazoa
PH,4ekuA03,4EKU,Q14289,FAK2_HUMAN,2180,CA,GLY,FALSE,A,282,73.15,E,E,f,cathpdb,X-ray diffraction,FALSE,FALSE,FALSE,FALSE,,0,buried,80,80.2,80.2.1,80.2.1.1,Q14289,Q14289,Q14289,3.25,HUMAN,22,"['Cytoplasm', 'Cytoplasm', 'Perinuclear region', 'Cell membrane', 'Cell junction', 'Focal adhesion', 'Cell projection', 'Lamellipodium', 'Cytoplasm', 'Cell cortex', 'Nucleus']",Eukaryota/Metazoa
PH,4ekuA03,4EKU,Q14289,FAK2_HUMAN,2184,CA,PRO,FALSE,A,283,78.51,C,T,k,cathpdb,X-ray diffraction,FALSE,FALSE,FALSE,FALSE,,0,exposed,80,80.2,80.2.1,80.2.1.1,Q14289,Q14289,Q14289,3.25,HUMAN,23,"['Cytoplasm', 'Cytoplasm', 'Perinuclear region', 'Cell membrane', 'Cell junction', 'Focal adhesion', 'Cell projection', 'Lamellipodium', 'Cytoplasm', 'Cell cortex', 'Nucleus']",Eukaryota/Metazoa
PH,4ekuA03,4EKU,Q14289,FAK2_HUMAN,2187,CB,PRO,FALSE,A,283,79.24,C,T,k,cathpdb,X-ray diffraction,FALSE,FALSE,FALSE,FALSE,,0,exposed,80,80.2,80.2.1,80.2.1.1,Q14289,Q14289,Q14289,3.25,HUMAN,23,"['Cytoplasm', 'Cytoplasm', 'Perinuclear region', 'Cell membrane', 'Cell junction', 'Focal adhesion', 'Cell projection', 'Lamellipodium', 'Cytoplasm', 'Cell cortex', 'Nucleus']",Eukaryota/Metazoa
PH,4ekuA03,4EKU,Q14289,FAK2_HUMAN,2191,CA,LYS,FALSE,A,284,88.25,C,T,o,cathpdb,X-ray diffraction,FALSE,FALSE,FALSE,FALSE,,0,exposed,80,80.2,80.2.1,80.2.1.1,Q14289,Q14289,Q14289,3.25,HUMAN,24,"['Cytoplasm', 'Cytoplasm', 'Perinuclear region', 'Cell membrane', 'Cell junction', 'Focal adhesion', 'Cell projection', 'Lamellipodium', 'Cytoplasm', 'Cell cortex', 'Nucleus']",Eukaryota/Metazoa
PH,4ekuA03,4EKU,Q14289,FAK2_HUMAN,2194,CB,LYS,FALSE,A,284,90.62,C,T,o,cathpdb,X-ray diffraction,FALSE,FALSE,FALSE,FALSE,,0,exposed,80,80.2,80.2.1,80.2.1.1,Q14289,Q14289,Q14289,3.25,HUMAN,24,"['Cytoplasm', 'Cytoplasm', 'Perinuclear region', 'Cell membrane', 'Cell junction', 'Focal adhesion', 'Cell projection', 'Lamellipodium', 'Cytoplasm', 'Cell cortex', 'Nucleus']",Eukaryota/Metazoa
PH,4ekuA03,4EKU,Q14289,FAK2_HUMAN,2200,CA,GLY,FALSE,A,285,86.39,E,E,c,cathpdb,X-ray diffraction,FALSE,FALSE,FALSE,FALSE,,0,buried,80,80.2,80.2.1,80.2.1.1,Q14289,Q14289,Q14289,3.25,HUMAN,25,"['Cytoplasm', 'Cytoplasm', 'Perinuclear region', 'Cell membrane', 'Cell junction', 'Focal adhesion', 'Cell projection', 'Lamellipodium', 'Cytoplasm', 'Cell cortex', 'Nucleus']",Eukaryota/Metazoa
PH,4ekuA03,4EKU,Q14289,FAK2_HUMAN,2204,CA,ILE,FALSE,A,286,85.32,E,E,c,cathpdb,X-ray diffraction,FALSE,FALSE,FALSE,FALSE,,0,buried,80,80.2,80.2.1,80.2.1.1,Q14289,Q14289,Q14289,3.25,HUMAN,26,"['Cytoplasm', 'Cytoplasm', 'Perinuclear region', 'Cell membrane', 'Cell junction', 'Focal adhesion', 'Cell projection', 'Lamellipodium', 'Cytoplasm', 'Cell cortex', 'Nucleus']",Eukaryota/Metazoa
PH,4ekuA03,4EKU,Q14289,FAK2_HUMAN,2207,CB,ILE,FALSE,A,286,84.28,E,E,c,cathpdb,X-ray diffraction,FALSE,FALSE,FALSE,FALSE,,0,buried,80,80.2,80.2.1,80.2.1.1,Q14289,Q14289,Q14289,3.25,HUMAN,26,"['Cytoplasm', 'Cytoplasm', 'Perinuclear region', 'Cell membrane', 'Cell junction', 'Focal adhesion', 'Cell projection', 'Lamellipodium', 'Cytoplasm', 'Cell cortex', 'Nucleus']",Eukaryota/Metazoa
PH,4ekuA03,4EKU,Q14289,FAK2_HUMAN,2212,CA,ARG,FALSE,A,287,95.57,E,E,d,cathpdb,X-ray diffraction,FALSE,FALSE,FALSE,FALSE,,0,buried,80,80.2,80.2.1,80.2.1.1,Q14289,Q14289,Q14289,3.25,HUMAN,27,"['Cytoplasm', 'Cytoplasm', 'Perinuclear region', 'Cell membrane', 'Cell junction', 'Focal adhesion', 'Cell projection', 'Lamellipodium', 'Cytoplasm', 'Cell cortex', 'Nucleus']",Eukaryota/Metazoa
PH,4ekuA03,4EKU,Q14289,FAK2_HUMAN,2215,CB,ARG,FALSE,A,287,95.21,E,E,d,cathpdb,X-ray diffraction,FALSE,FALSE,FALSE,FALSE,,0,buried,80,80.2,80.2.1,80.2.1.1,Q14289,Q14289,Q14289,3.25,HUMAN,27,"['Cytoplasm', 'Cytoplasm', 'Perinuclear region', 'Cell membrane', 'Cell junction', 'Focal adhesion', 'Cell projection', 'Lamellipodium', 'Cytoplasm', 'Cell cortex', 'Nucleus']",Eukaryota/Metazoa
PH,4ekuA03,4EKU,Q14289,FAK2_HUMAN,2223,CA,GLN,FALSE,A,288,108.09,E,E,d,cathpdb,X-ray diffraction,FALSE,FALSE,FALSE,FALSE,,0,exposed,80,80.2,80.2.1,80.2.1.1,Q14289,Q14289,Q14289,3.25,HUMAN,28,"['Cytoplasm', 'Cytoplasm', 'Perinuclear region', 'Cell membrane', 'Cell junction', 'Focal adhesion', 'Cell projection', 'Lamellipodium', 'Cytoplasm', 'Cell cortex', 'Nucleus']",Eukaryota/Metazoa
PH,4ekuA03,4EKU,Q14289,FAK2_HUMAN,2226,CB,GLN,FALSE,A,288,113.23,E,E,d,cathpdb,X-ray diffraction,FALSE,FALSE,FALSE,FALSE,,0,exposed,80,80.2,80.2.1,80.2.1.1,Q14289,Q14289,Q14289,3.25,HUMAN,28,"['Cytoplasm', 'Cytoplasm', 'Perinuclear region', 'Cell membrane', 'Cell junction', 'Focal adhesion', 'Cell projection', 'Lamellipodium', 'Cytoplasm', 'Cell cortex', 'Nucleus']",Eukaryota/Metazoa
PH,4ekuA03,4EKU,Q14289,FAK2_HUMAN,2232,CA,LEU,FALSE,A,289,116,E,E,d,cathpdb,X-ray diffraction,FALSE,FALSE,FALSE,FALSE,,0,exposed,80,80.2,80.2.1,80.2.1.1,Q14289,Q14289,Q14289,3.25,HUMAN,29,"['Cytoplasm', 'Cytoplasm', 'Perinuclear region', 'Cell membrane', 'Cell junction', 'Focal adhesion', 'Cell projection', 'Lamellipodium', 'Cytoplasm', 'Cell cortex', 'Nucleus']",Eukaryota/Metazoa
PH,4ekuA03,4EKU,Q14289,FAK2_HUMAN,2235,CB,LEU,FALSE,A,289,113.19,E,E,d,cathpdb,X-ray diffraction,FALSE,FALSE,FALSE,FALSE,,0,exposed,80,80.2,80.2.1,80.2.1.1,Q14289,Q14289,Q14289,3.25,HUMAN,29,"['Cytoplasm', 'Cytoplasm', 'Perinuclear region', 'Cell membrane', 'Cell junction', 'Focal adhesion', 'Cell projection', 'Lamellipodium', 'Cytoplasm', 'Cell cortex', 'Nucleus']",Eukaryota/Metazoa
PH,4ekuA03,4EKU,Q14289,FAK2_HUMAN,2240,CA,THR,TRUE,A,290,136.67,C,-,e,cathpdb,X-ray diffraction,FALSE,FALSE,FALSE,FALSE,,0,exposed,80,80.2,80.2.1,80.2.1.1,Q14289,Q14289,Q14289,3.25,HUMAN,30,"['Cytoplasm', 'Cytoplasm', 'Perinuclear region', 'Cell membrane', 'Cell junction', 'Focal adhesion', 'Cell projection', 'Lamellipodium', 'Cytoplasm', 'Cell cortex', 'Nucleus']",Eukaryota/Metazoa
PH,4ekuA03,4EKU,Q14289,FAK2_HUMAN,2243,CB,THR,TRUE,A,290,142.18,C,-,e,cathpdb,X-ray diffraction,FALSE,FALSE,FALSE,FALSE,,0,exposed,80,80.2,80.2.1,80.2.1.1,Q14289,Q14289,Q14289,3.25,HUMAN,30,"['Cytoplasm', 'Cytoplasm', 'Perinuclear region', 'Cell membrane', 'Cell junction', 'Focal adhesion', 'Cell projection', 'Lamellipodium', 'Cytoplasm', 'Cell cortex', 'Nucleus']",Eukaryota/Metazoa
PH,4ekuA03,4EKU,Q14289,FAK2_HUMAN,2247,CA,SER,TRUE,A,291,149.25,C,S,h,cathpdb,X-ray diffraction,FALSE,FALSE,FALSE,FALSE,,0,exposed,80,80.2,80.2.1,80.2.1.1,Q14289,Q14289,Q14289,3.25,HUMAN,31,"['Cytoplasm', 'Cytoplasm', 'Perinuclear region', 'Cell membrane', 'Cell junction', 'Focal adhesion', 'Cell projection', 'Lamellipodium', 'Cytoplasm', 'Cell cortex', 'Nucleus']",Eukaryota/Metazoa
PH,4ekuA03,4EKU,Q14289,FAK2_HUMAN,2250,CB,SER,TRUE,A,291,155.48,C,S,h,cathpdb,X-ray diffraction,TRUE,TRUE,FALSE,FALSE,277;278;288;289;290;292;293,15,exposed,80,80.2,80.2.1,80.2.1.1,Q14289,Q14289,Q14289,3.25,HUMAN,31,"['Cytoplasm', 'Cytoplasm', 'Perinuclear region', 'Cell membrane', 'Cell junction', 'Focal adhesion', 'Cell projection', 'Lamellipodium', 'Cytoplasm', 'Cell cortex', 'Nucleus']",Eukaryota/Metazoa
PH,4ekuA03,4EKU,Q14289,FAK2_HUMAN,2253,CA,GLN,TRUE,A,292,151.38,C,S,i,cathpdb,X-ray diffraction,FALSE,FALSE,FALSE,FALSE,,0,exposed,80,80.2,80.2.1,80.2.1.1,Q14289,Q14289,Q14289,3.25,HUMAN,32,"['Cytoplasm', 'Cytoplasm', 'Perinuclear region', 'Cell membrane', 'Cell junction', 'Focal adhesion', 'Cell projection', 'Lamellipodium', 'Cytoplasm', 'Cell cortex', 'Nucleus']",Eukaryota/Metazoa
PH,4ekuA03,4EKU,Q14289,FAK2_HUMAN,2256,CB,GLN,TRUE,A,292,157.65,C,S,i,cathpdb,X-ray diffraction,TRUE,TRUE,FALSE,FALSE,278;289;290;291;293;294;295,13,exposed,80,80.2,80.2.1,80.2.1.1,Q14289,Q14289,Q14289,3.25,HUMAN,32,"['Cytoplasm', 'Cytoplasm', 'Perinuclear region', 'Cell membrane', 'Cell junction', 'Focal adhesion', 'Cell projection', 'Lamellipodium', 'Cytoplasm', 'Cell cortex', 'Nucleus']",Eukaryota/Metazoa
PH,4ekuA03,4EKU,Q14289,FAK2_HUMAN,2262,CA,ASP,TRUE,A,293,158.41,C,-,a,cathpdb,X-ray diffraction,FALSE,FALSE,FALSE,FALSE,,0,exposed,80,80.2,80.2.1,80.2.1.1,Q14289,Q14289,Q14289,3.25,HUMAN,33,"['Cytoplasm', 'Cytoplasm', 'Perinuclear region', 'Cell membrane', 'Cell junction', 'Focal adhesion', 'Cell projection', 'Lamellipodium', 'Cytoplasm', 'Cell cortex', 'Nucleus']",Eukaryota/Metazoa
PH,4ekuA03,4EKU,Q14289,FAK2_HUMAN,2265,CB,ASP,TRUE,A,293,164.1,C,-,a,cathpdb,X-ray diffraction,TRUE,TRUE,FALSE,FALSE,288;289;290;291;292;294;295;296;297,18,exposed,80,80.2,80.2.1,80.2.1.1,Q14289,Q14289,Q14289,3.25,HUMAN,33,"['Cytoplasm', 'Cytoplasm', 'Perinuclear region', 'Cell membrane', 'Cell junction', 'Focal adhesion', 'Cell projection', 'Lamellipodium', 'Cytoplasm', 'Cell cortex', 'Nucleus']",Eukaryota/Metazoa
PH,4ekuA03,4EKU,Q14289,FAK2_HUMAN,2270,CA,ALA,FALSE,A,294,155.74,C,S,b,cathpdb,X-ray diffraction,FALSE,FALSE,FALSE,FALSE,,0,exposed,80,80.2,80.2.1,80.2.1.1,Q14289,Q14289,Q14289,3.25,HUMAN,34,"['Cytoplasm', 'Cytoplasm', 'Perinuclear region', 'Cell membrane', 'Cell junction', 'Focal adhesion', 'Cell projection', 'Lamellipodium', 'Cytoplasm', 'Cell cortex', 'Nucleus']",Eukaryota/Metazoa
PH,4ekuA03,4EKU,Q14289,FAK2_HUMAN,2273,CB,ALA,FALSE,A,294,162.85,C,S,b,cathpdb,X-ray diffraction,TRUE,TRUE,FALSE,FALSE,289;290;292;293;295;296,11,exposed,80,80.2,80.2.1,80.2.1.1,Q14289,Q14289,Q14289,3.25,HUMAN,34,"['Cytoplasm', 'Cytoplasm', 'Perinuclear region', 'Cell membrane', 'Cell junction', 'Focal adhesion', 'Cell projection', 'Lamellipodium', 'Cytoplasm', 'Cell cortex', 'Nucleus']",Eukaryota/Metazoa
PH,4ekuA03,4EKU,Q14289,FAK2_HUMAN,2275,CA,LYS,FALSE,A,295,154.93,C,-,a,cathpdb,X-ray diffraction,FALSE,FALSE,FALSE,FALSE,,0,exposed,80,80.2,80.2.1,80.2.1.1,Q14289,Q14289,Q14289,3.25,HUMAN,35,"['Cytoplasm', 'Cytoplasm', 'Perinuclear region', 'Cell membrane', 'Cell junction', 'Focal adhesion', 'Cell projection', 'Lamellipodium', 'Cytoplasm', 'Cell cortex', 'Nucleus']",Eukaryota/Metazoa
PH,4ekuA03,4EKU,Q14289,FAK2_HUMAN,2278,CB,LYS,FALSE,A,295,163.23,C,-,a,cathpdb,X-ray diffraction,TRUE,TRUE,FALSE,FALSE,289;290;292;293;294;296;297,14,exposed,80,80.2,80.2.1,80.2.1.1,Q14289,Q14289,Q14289,3.25,HUMAN,35,"['Cytoplasm', 'Cytoplasm', 'Perinuclear region', 'Cell membrane', 'Cell junction', 'Focal adhesion', 'Cell projection', 'Lamellipodium', 'Cytoplasm', 'Cell cortex', 'Nucleus']",Eukaryota/Metazoa
PH,4ekuA03,4EKU,Q14289,FAK2_HUMAN,2280,CA,PRO,FALSE,A,296,136.79,C,-,c,cathpdb,X-ray diffraction,FALSE,FALSE,FALSE,FALSE,,0,buried,80,80.2,80.2.1,80.2.1.1,Q14289,Q14289,Q14289,3.25,HUMAN,36,"['Cytoplasm', 'Cytoplasm', 'Perinuclear region', 'Cell membrane', 'Cell junction', 'Focal adhesion', 'Cell projection', 'Lamellipodium', 'Cytoplasm', 'Cell cortex', 'Nucleus']",Eukaryota/Metazoa
PH,4ekuA03,4EKU,Q14289,FAK2_HUMAN,2283,CB,PRO,FALSE,A,296,130.11,C,-,c,cathpdb,X-ray diffraction,FALSE,FALSE,FALSE,FALSE,,0,buried,80,80.2,80.2.1,80.2.1.1,Q14289,Q14289,Q14289,3.25,HUMAN,36,"['Cytoplasm', 'Cytoplasm', 'Perinuclear region', 'Cell membrane', 'Cell junction', 'Focal adhesion', 'Cell projection', 'Lamellipodium', 'Cytoplasm', 'Cell cortex', 'Nucleus']",Eukaryota/Metazoa
PH,4ekuA03,4EKU,Q14289,FAK2_HUMAN,2287,CA,THR,FALSE,A,297,138.99,E,E,d,cathpdb,X-ray diffraction,FALSE,FALSE,FALSE,FALSE,,0,exposed,80,80.2,80.2.1,80.2.1.1,Q14289,Q14289,Q14289,3.25,HUMAN,37,"['Cytoplasm', 'Cytoplasm', 'Perinuclear region', 'Cell membrane', 'Cell junction', 'Focal adhesion', 'Cell projection', 'Lamellipodium', 'Cytoplasm', 'Cell cortex', 'Nucleus']",Eukaryota/Metazoa
PH,4ekuA03,4EKU,Q14289,FAK2_HUMAN,2290,CB,THR,FALSE,A,297,146.91,E,E,d,cathpdb,X-ray diffraction,TRUE,TRUE,FALSE,FALSE,287;288;289;290;293;294;295;296;298;299,19,exposed,80,80.2,80.2.1,80.2.1.1,Q14289,Q14289,Q14289,3.25,HUMAN,37,"['Cytoplasm', 'Cytoplasm', 'Perinuclear region', 'Cell membrane', 'Cell junction', 'Focal adhesion', 'Cell projection', 'Lamellipodium', 'Cytoplasm', 'Cell cortex', 'Nucleus']",Eukaryota/Metazoa
PH,4ekuA03,4EKU,Q14289,FAK2_HUMAN,2294,CA,CYS,FALSE,A,298,125.46,E,E,f,cathpdb,X-ray diffraction,FALSE,FALSE,FALSE,FALSE,,0,exposed,80,80.2,80.2.1,80.2.1.1,Q14289,Q14289,Q14289,3.25,HUMAN,38,"['Cytoplasm', 'Cytoplasm', 'Perinuclear region', 'Cell membrane', 'Cell junction', 'Focal adhesion', 'Cell projection', 'Lamellipodium', 'Cytoplasm', 'Cell cortex', 'Nucleus']",Eukaryota/Metazoa
PH,4ekuA03,4EKU,Q14289,FAK2_HUMAN,2297,CB,CYS,FALSE,A,298,126.35,E,E,f,cathpdb,X-ray diffraction,FALSE,FALSE,FALSE,FALSE,,0,exposed,80,80.2,80.2.1,80.2.1.1,Q14289,Q14289,Q14289,3.25,HUMAN,38,"['Cytoplasm', 'Cytoplasm', 'Perinuclear region', 'Cell membrane', 'Cell junction', 'Focal adhesion', 'Cell projection', 'Lamellipodium', 'Cytoplasm', 'Cell cortex', 'Nucleus']",Eukaryota/Metazoa
PH,4ekuA03,4EKU,Q14289,FAK2_HUMAN,2300,CA,LEU,FALSE,A,299,116.02,E,E,b,cathpdb,X-ray diffraction,FALSE,FALSE,FALSE,FALSE,,0,exposed,80,80.2,80.2.1,80.2.1.1,Q14289,Q14289,Q14289,3.25,HUMAN,39,"['Cytoplasm', 'Cytoplasm', 'Perinuclear region', 'Cell membrane', 'Cell junction', 'Focal adhesion', 'Cell projection', 'Lamellipodium', 'Cytoplasm', 'Cell cortex', 'Nucleus']",Eukaryota/Metazoa
PH,4ekuA03,4EKU,Q14289,FAK2_HUMAN,2303,CB,LEU,FALSE,A,299,111.58,E,E,b,cathpdb,X-ray diffraction,FALSE,FALSE,FALSE,FALSE,,0,exposed,80,80.2,80.2.1,80.2.1.1,Q14289,Q14289,Q14289,3.25,HUMAN,39,"['Cytoplasm', 'Cytoplasm', 'Perinuclear region', 'Cell membrane', 'Cell junction', 'Focal adhesion', 'Cell projection', 'Lamellipodium', 'Cytoplasm', 'Cell cortex', 'Nucleus']",Eukaryota/Metazoa
PH,4ekuA03,4EKU,Q14289,FAK2_HUMAN,2308,CA,ALA,FALSE,A,300,108.86,E,E,d,cathpdb,X-ray diffraction,FALSE,FALSE,FALSE,FALSE,,0,buried,80,80.2,80.2.1,80.2.1.1,Q14289,Q14289,Q14289,3.25,HUMAN,40,"['Cytoplasm', 'Cytoplasm', 'Perinuclear region', 'Cell membrane', 'Cell junction', 'Focal adhesion', 'Cell projection', 'Lamellipodium', 'Cytoplasm', 'Cell cortex', 'Nucleus']",Eukaryota/Metazoa
PH,4ekuA03,4EKU,Q14289,FAK2_HUMAN,2311,CB,ALA,FALSE,A,300,106.04,E,E,d,cathpdb,X-ray diffraction,FALSE,FALSE,FALSE,FALSE,,0,buried,80,80.2,80.2.1,80.2.1.1,Q14289,Q14289,Q14289,3.25,HUMAN,40,"['Cytoplasm', 'Cytoplasm', 'Perinuclear region', 'Cell membrane', 'Cell junction', 'Focal adhesion', 'Cell projection', 'Lamellipodium', 'Cytoplasm', 'Cell cortex', 'Nucleus']",Eukaryota/Metazoa
PH,4ekuA03,4EKU,Q14289,FAK2_HUMAN,2313,CA,GLU,FALSE,A,301,107.29,C,-,f,cathpdb,X-ray diffraction,FALSE,FALSE,FALSE,FALSE,,0,exposed,80,80.2,80.2.1,80.2.1.1,Q14289,Q14289,Q14289,3.25,HUMAN,41,"['Cytoplasm', 'Cytoplasm', 'Perinuclear region', 'Cell membrane', 'Cell junction', 'Focal adhesion', 'Cell projection', 'Lamellipodium', 'Cytoplasm', 'Cell cortex', 'Nucleus']",Eukaryota/Metazoa
PH,4ekuA03,4EKU,Q14289,FAK2_HUMAN,2316,CB,GLU,FALSE,A,301,114.08,C,-,f,cathpdb,X-ray diffraction,FALSE,FALSE,FALSE,FALSE,,0,exposed,80,80.2,80.2.1,80.2.1.1,Q14289,Q14289,Q14289,3.25,HUMAN,41,"['Cytoplasm', 'Cytoplasm', 'Perinuclear region', 'Cell membrane', 'Cell junction', 'Focal adhesion', 'Cell projection', 'Lamellipodium', 'Cytoplasm', 'Cell cortex', 'Nucleus']",Eukaryota/Metazoa
PH,4ekuA03,4EKU,Q14289,FAK2_HUMAN,2322,CA,PHE,FALSE,A,302,95.21,H,G,k,cathpdb,X-ray diffraction,FALSE,FALSE,FALSE,FALSE,,0,buried,80,80.2,80.2.1,80.2.1.1,Q14289,Q14289,Q14289,3.25,HUMAN,42,"['Cytoplasm', 'Cytoplasm', 'Perinuclear region', 'Cell membrane', 'Cell junction', 'Focal adhesion', 'Cell projection', 'Lamellipodium', 'Cytoplasm', 'Cell cortex', 'Nucleus']",Eukaryota/Metazoa
PH,4ekuA03,4EKU,Q14289,FAK2_HUMAN,2325,CB,PHE,FALSE,A,302,91.2,H,G,k,cathpdb,X-ray diffraction,FALSE,FALSE,FALSE,FALSE,,0,buried,80,80.2,80.2.1,80.2.1.1,Q14289,Q14289,Q14289,3.25,HUMAN,42,"['Cytoplasm', 'Cytoplasm', 'Perinuclear region', 'Cell membrane', 'Cell junction', 'Focal adhesion', 'Cell projection', 'Lamellipodium', 'Cytoplasm', 'Cell cortex', 'Nucleus']",Eukaryota/Metazoa
PH,4ekuA03,4EKU,Q14289,FAK2_HUMAN,2333,CA,LYS,FALSE,A,303,109.45,H,G,l,cathpdb,X-ray diffraction,FALSE,FALSE,FALSE,FALSE,,0,exposed,80,80.2,80.2.1,80.2.1.1,Q14289,Q14289,Q14289,3.25,HUMAN,43,"['Cytoplasm', 'Cytoplasm', 'Perinuclear region', 'Cell membrane', 'Cell junction', 'Focal adhesion', 'Cell projection', 'Lamellipodium', 'Cytoplasm', 'Cell cortex', 'Nucleus']",Eukaryota/Metazoa
PH,4ekuA03,4EKU,Q14289,FAK2_HUMAN,2336,CB,LYS,FALSE,A,303,115.27,H,G,l,cathpdb,X-ray diffraction,TRUE,TRUE,FALSE,FALSE,285;300;301;302;304;305;306;325;352;355;356;357,21,exposed,80,80.2,80.2.1,80.2.1.1,Q14289,Q14289,Q14289,3.25,HUMAN,43,"['Cytoplasm', 'Cytoplasm', 'Perinuclear region', 'Cell membrane', 'Cell junction', 'Focal adhesion', 'Cell projection', 'Lamellipodium', 'Cytoplasm', 'Cell cortex', 'Nucleus']",Eukaryota/Metazoa
PH,4ekuA03,4EKU,Q14289,FAK2_HUMAN,2342,CA,GLN,FALSE,A,304,112.95,H,G,p,cathpdb,X-ray diffraction,FALSE,FALSE,FALSE,FALSE,,0,exposed,80,80.2,80.2.1,80.2.1.1,Q14289,Q14289,Q14289,3.25,HUMAN,44,"['Cytoplasm', 'Cytoplasm', 'Perinuclear region', 'Cell membrane', 'Cell junction', 'Focal adhesion', 'Cell projection', 'Lamellipodium', 'Cytoplasm', 'Cell cortex', 'Nucleus']",Eukaryota/Metazoa
PH,4ekuA03,4EKU,Q14289,FAK2_HUMAN,2345,CB,GLN,FALSE,A,304,115.23,H,G,p,cathpdb,X-ray diffraction,FALSE,FALSE,FALSE,FALSE,,0,exposed,80,80.2,80.2.1,80.2.1.1,Q14289,Q14289,Q14289,3.25,HUMAN,44,"['Cytoplasm', 'Cytoplasm', 'Perinuclear region', 'Cell membrane', 'Cell junction', 'Focal adhesion', 'Cell projection', 'Lamellipodium', 'Cytoplasm', 'Cell cortex', 'Nucleus']",Eukaryota/Metazoa
PH,4ekuA03,4EKU,Q14289,FAK2_HUMAN,2351,CA,ILE,FALSE,A,305,97.39,C,B,m,cathpdb,X-ray diffraction,FALSE,FALSE,FALSE,FALSE,,0,buried,80,80.2,80.2.1,80.2.1.1,Q14289,Q14289,Q14289,3.25,HUMAN,45,"['Cytoplasm', 'Cytoplasm', 'Perinuclear region', 'Cell membrane', 'Cell junction', 'Focal adhesion', 'Cell projection', 'Lamellipodium', 'Cytoplasm', 'Cell cortex', 'Nucleus']",Eukaryota/Metazoa
PH,4ekuA03,4EKU,Q14289,FAK2_HUMAN,2354,CB,ILE,FALSE,A,305,91.22,C,B,m,cathpdb,X-ray diffraction,FALSE,FALSE,FALSE,FALSE,,0,buried,80,80.2,80.2.1,80.2.1.1,Q14289,Q14289,Q14289,3.25,HUMAN,45,"['Cytoplasm', 'Cytoplasm', 'Perinuclear region', 'Cell membrane', 'Cell junction', 'Focal adhesion', 'Cell projection', 'Lamellipodium', 'Cytoplasm', 'Cell cortex', 'Nucleus']",Eukaryota/Metazoa
PH,4ekuA03,4EKU,Q14289,FAK2_HUMAN,2359,CA,ARG,FALSE,A,306,102.12,C,-,b,cathpdb,X-ray diffraction,FALSE,FALSE,FALSE,FALSE,,0,exposed,80,80.2,80.2.1,80.2.1.1,Q14289,Q14289,Q14289,3.25,HUMAN,46,"['Cytoplasm', 'Cytoplasm', 'Perinuclear region', 'Cell membrane', 'Cell junction', 'Focal adhesion', 'Cell projection', 'Lamellipodium', 'Cytoplasm', 'Cell cortex', 'Nucleus']",Eukaryota/Metazoa
PH,4ekuA03,4EKU,Q14289,FAK2_HUMAN,2362,CB,ARG,FALSE,A,306,109.56,C,-,b,cathpdb,X-ray diffraction,FALSE,FALSE,FALSE,FALSE,,0,exposed,80,80.2,80.2.1,80.2.1.1,Q14289,Q14289,Q14289,3.25,HUMAN,46,"['Cytoplasm', 'Cytoplasm', 'Perinuclear region', 'Cell membrane', 'Cell junction', 'Focal adhesion', 'Cell projection', 'Lamellipodium', 'Cytoplasm', 'Cell cortex', 'Nucleus']",Eukaryota/Metazoa
PH,4ekuA03,4EKU,Q14289,FAK2_HUMAN,2370,CA,SER,FALSE,A,307,92.82,C,-,d,cathpdb,X-ray diffraction,FALSE,FALSE,FALSE,FALSE,,0,exposed,80,80.2,80.2.1,80.2.1.1,Q14289,Q14289,Q14289,3.25,HUMAN,47,"['Cytoplasm', 'Cytoplasm', 'Perinuclear region', 'Cell membrane', 'Cell junction', 'Focal adhesion', 'Cell projection', 'Lamellipodium', 'Cytoplasm', 'Cell cortex', 'Nucleus']",Eukaryota/Metazoa
PH,4ekuA03,4EKU,Q14289,FAK2_HUMAN,2373,CB,SER,FALSE,A,307,98.6,C,-,d,cathpdb,X-ray diffraction,FALSE,FALSE,FALSE,FALSE,,0,exposed,80,80.2,80.2.1,80.2.1.1,Q14289,Q14289,Q14289,3.25,HUMAN,47,"['Cytoplasm', 'Cytoplasm', 'Perinuclear region', 'Cell membrane', 'Cell junction', 'Focal adhesion', 'Cell projection', 'Lamellipodium', 'Cytoplasm', 'Cell cortex', 'Nucleus']",Eukaryota/Metazoa
PH,4ekuA03,4EKU,Q14289,FAK2_HUMAN,2376,CA,ILE,FALSE,A,308,80.71,C,-,c,cathpdb,X-ray diffraction,FALSE,FALSE,FALSE,FALSE,,0,buried,80,80.2,80.2.1,80.2.1.1,Q14289,Q14289,Q14289,3.25,HUMAN,48,"['Cytoplasm', 'Cytoplasm', 'Perinuclear region', 'Cell membrane', 'Cell junction', 'Focal adhesion', 'Cell projection', 'Lamellipodium', 'Cytoplasm', 'Cell cortex', 'Nucleus']",Eukaryota/Metazoa
PH,4ekuA03,4EKU,Q14289,FAK2_HUMAN,2379,CB,ILE,FALSE,A,308,75.6,C,-,c,cathpdb,X-ray diffraction,FALSE,FALSE,FALSE,FALSE,,0,buried,80,80.2,80.2.1,80.2.1.1,Q14289,Q14289,Q14289,3.25,HUMAN,48,"['Cytoplasm', 'Cytoplasm', 'Perinuclear region', 'Cell membrane', 'Cell junction', 'Focal adhesion', 'Cell projection', 'Lamellipodium', 'Cytoplasm', 'Cell cortex', 'Nucleus']",Eukaryota/Metazoa
PH,4ekuA03,4EKU,Q14289,FAK2_HUMAN,2384,CA,ARG,FALSE,A,309,87.6,C,-,d,cathpdb,X-ray diffraction,FALSE,FALSE,FALSE,FALSE,,0,exposed,80,80.2,80.2.1,80.2.1.1,Q14289,Q14289,Q14289,3.25,HUMAN,49,"['Cytoplasm', 'Cytoplasm', 'Perinuclear region', 'Cell membrane', 'Cell junction', 'Focal adhesion', 'Cell projection', 'Lamellipodium', 'Cytoplasm', 'Cell cortex', 'Nucleus']",Eukaryota/Metazoa
PH,4ekuA03,4EKU,Q14289,FAK2_HUMAN,2387,CB,ARG,FALSE,A,309,93,C,-,d,cathpdb,X-ray diffraction,FALSE,FALSE,FALSE,FALSE,,0,exposed,80,80.2,80.2.1,80.2.1.1,Q14289,Q14289,Q14289,3.25,HUMAN,49,"['Cytoplasm', 'Cytoplasm', 'Perinuclear region', 'Cell membrane', 'Cell junction', 'Focal adhesion', 'Cell projection', 'Lamellipodium', 'Cytoplasm', 'Cell cortex', 'Nucleus']",Eukaryota/Metazoa
PH,4ekuA03,4EKU,Q14289,FAK2_HUMAN,2395,CA,CYS,FALSE,A,310,88.56,E,E,d,cathpdb,X-ray diffraction,FALSE,FALSE,FALSE,FALSE,,0,buried,80,80.2,80.2.1,80.2.1.1,Q14289,Q14289,Q14289,3.25,HUMAN,50,"['Cytoplasm', 'Cytoplasm', 'Perinuclear region', 'Cell membrane', 'Cell junction', 'Focal adhesion', 'Cell projection', 'Lamellipodium', 'Cytoplasm', 'Cell cortex', 'Nucleus']",Eukaryota/Metazoa
PH,4ekuA03,4EKU,Q14289,FAK2_HUMAN,2398,CB,CYS,FALSE,A,310,84.83,E,E,d,cathpdb,X-ray diffraction,FALSE,FALSE,FALSE,FALSE,,0,buried,80,80.2,80.2.1,80.2.1.1,Q14289,Q14289,Q14289,3.25,HUMAN,50,"['Cytoplasm', 'Cytoplasm', 'Perinuclear region', 'Cell membrane', 'Cell junction', 'Focal adhesion', 'Cell projection', 'Lamellipodium', 'Cytoplasm', 'Cell cortex', 'Nucleus']",Eukaryota/Metazoa
PH,4ekuA03,4EKU,Q14289,FAK2_HUMAN,2401,CA,LEU,FALSE,A,311,103.11,E,E,d,cathpdb,X-ray diffraction,FALSE,FALSE,FALSE,FALSE,,0,exposed,80,80.2,80.2.1,80.2.1.1,Q14289,Q14289,Q14289,3.25,HUMAN,51,"['Cytoplasm', 'Cytoplasm', 'Perinuclear region', 'Cell membrane', 'Cell junction', 'Focal adhesion', 'Cell projection', 'Lamellipodium', 'Cytoplasm', 'Cell cortex', 'Nucleus']",Eukaryota/Metazoa
PH,4ekuA03,4EKU,Q14289,FAK2_HUMAN,2404,CB,LEU,FALSE,A,311,107.79,E,E,d,cathpdb,X-ray diffraction,FALSE,FALSE,FALSE,FALSE,,0,exposed,80,80.2,80.2.1,80.2.1.1,Q14289,Q14289,Q14289,3.25,HUMAN,51,"['Cytoplasm', 'Cytoplasm', 'Perinuclear region', 'Cell membrane', 'Cell junction', 'Focal adhesion', 'Cell projection', 'Lamellipodium', 'Cytoplasm', 'Cell cortex', 'Nucleus']",Eukaryota/Metazoa
PH,4ekuA03,4EKU,Q14289,FAK2_HUMAN,2409,CA,PRO,FALSE,A,312,111.12,E,E,d,cathpdb,X-ray diffraction,FALSE,FALSE,FALSE,FALSE,,0,exposed,80,80.2,80.2.1,80.2.1.1,Q14289,Q14289,Q14289,3.25,HUMAN,52,"['Cytoplasm', 'Cytoplasm', 'Perinuclear region', 'Cell membrane', 'Cell junction', 'Focal adhesion', 'Cell projection', 'Lamellipodium', 'Cytoplasm', 'Cell cortex', 'Nucleus']",Eukaryota/Metazoa
PH,4ekuA03,4EKU,Q14289,FAK2_HUMAN,2412,CB,PRO,FALSE,A,312,114.72,E,E,d,cathpdb,X-ray diffraction,FALSE,FALSE,FALSE,FALSE,,0,exposed,80,80.2,80.2.1,80.2.1.1,Q14289,Q14289,Q14289,3.25,HUMAN,52,"['Cytoplasm', 'Cytoplasm', 'Perinuclear region', 'Cell membrane', 'Cell junction', 'Focal adhesion', 'Cell projection', 'Lamellipodium', 'Cytoplasm', 'Cell cortex', 'Nucleus']",Eukaryota/Metazoa
PH,4ekuA03,4EKU,Q14289,FAK2_HUMAN,2416,CA,LEU,FALSE,A,313,125.33,E,E,f,cathpdb,X-ray diffraction,FALSE,FALSE,FALSE,FALSE,,0,exposed,80,80.2,80.2.1,80.2.1.1,Q14289,Q14289,Q14289,3.25,HUMAN,53,"['Cytoplasm', 'Cytoplasm', 'Perinuclear region', 'Cell membrane', 'Cell junction', 'Focal adhesion', 'Cell projection', 'Lamellipodium', 'Cytoplasm', 'Cell cortex', 'Nucleus']",Eukaryota/Metazoa
PH,4ekuA03,4EKU,Q14289,FAK2_HUMAN,2419,CB,LEU,FALSE,A,313,121.47,E,E,f,cathpdb,X-ray diffraction,FALSE,FALSE,FALSE,FALSE,,0,exposed,80,80.2,80.2.1,80.2.1.1,Q14289,Q14289,Q14289,3.25,HUMAN,53,"['Cytoplasm', 'Cytoplasm', 'Perinuclear region', 'Cell membrane', 'Cell junction', 'Focal adhesion', 'Cell projection', 'Lamellipodium', 'Cytoplasm', 'Cell cortex', 'Nucleus']",Eukaryota/Metazoa
PH,4ekuA03,4EKU,Q14289,FAK2_HUMAN,2424,CA,GLU,FALSE,A,314,147.19,C,T,e,cathpdb,X-ray diffraction,FALSE,FALSE,FALSE,FALSE,,0,exposed,80,80.2,80.2.1,80.2.1.1,Q14289,Q14289,Q14289,3.25,HUMAN,54,"['Cytoplasm', 'Cytoplasm', 'Perinuclear region', 'Cell membrane', 'Cell junction', 'Focal adhesion', 'Cell projection', 'Lamellipodium', 'Cytoplasm', 'Cell cortex', 'Nucleus']",Eukaryota/Metazoa
PH,4ekuA03,4EKU,Q14289,FAK2_HUMAN,2427,CB,GLU,FALSE,A,314,156.1,C,T,e,cathpdb,X-ray diffraction,TRUE,TRUE,FALSE,FALSE,312;313;315;316;317;318,11,exposed,80,80.2,80.2.1,80.2.1.1,Q14289,Q14289,Q14289,3.25,HUMAN,54,"['Cytoplasm', 'Cytoplasm', 'Perinuclear region', 'Cell membrane', 'Cell junction', 'Focal adhesion', 'Cell projection', 'Lamellipodium', 'Cytoplasm', 'Cell cortex', 'Nucleus']",Eukaryota/Metazoa
PH,4ekuA03,4EKU,Q14289,FAK2_HUMAN,2433,CA,GLU,FALSE,A,315,142.05,C,T,h,cathpdb,X-ray diffraction,TRUE,FALSE,FALSE,FALSE,,0,exposed,80,80.2,80.2.1,80.2.1.1,Q14289,Q14289,Q14289,3.25,HUMAN,55,"['Cytoplasm', 'Cytoplasm', 'Perinuclear region', 'Cell membrane', 'Cell junction', 'Focal adhesion', 'Cell projection', 'Lamellipodium', 'Cytoplasm', 'Cell cortex', 'Nucleus']",Eukaryota/Metazoa
PH,4ekuA03,4EKU,Q14289,FAK2_HUMAN,2436,CB,GLU,FALSE,A,315,143.12,C,T,h,cathpdb,X-ray diffraction,TRUE,TRUE,FALSE,FALSE,312;313;314;316;317;318;336;337,13,exposed,80,80.2,80.2.1,80.2.1.1,Q14289,Q14289,Q14289,3.25,HUMAN,55,"['Cytoplasm', 'Cytoplasm', 'Perinuclear region', 'Cell membrane', 'Cell junction', 'Focal adhesion', 'Cell projection', 'Lamellipodium', 'Cytoplasm', 'Cell cortex', 'Nucleus']",Eukaryota/Metazoa
PH,4ekuA03,4EKU,Q14289,FAK2_HUMAN,2442,CA,GLY,FALSE,A,316,125.69,C,T,p,cathpdb,X-ray diffraction,TRUE,FALSE,FALSE,FALSE,,0,exposed,80,80.2,80.2.1,80.2.1.1,Q14289,Q14289,Q14289,3.25,HUMAN,56,"['Cytoplasm', 'Cytoplasm', 'Perinuclear region', 'Cell membrane', 'Cell junction', 'Focal adhesion', 'Cell projection', 'Lamellipodium', 'Cytoplasm', 'Cell cortex', 'Nucleus']",Eukaryota/Metazoa
PH,4ekuA03,4EKU,Q14289,FAK2_HUMAN,2446,CA,GLN,FALSE,A,317,107.34,E,E,a,cathpdb,X-ray diffraction,FALSE,FALSE,FALSE,FALSE,,0,buried,80,80.2,80.2.1,80.2.1.1,Q14289,Q14289,Q14289,3.25,HUMAN,57,"['Cytoplasm', 'Cytoplasm', 'Perinuclear region', 'Cell membrane', 'Cell junction', 'Focal adhesion', 'Cell projection', 'Lamellipodium', 'Cytoplasm', 'Cell cortex', 'Nucleus']",Eukaryota/Metazoa
PH,4ekuA03,4EKU,Q14289,FAK2_HUMAN,2449,CB,GLN,FALSE,A,317,108.27,E,E,a,cathpdb,X-ray diffraction,FALSE,FALSE,FALSE,FALSE,,0,buried,80,80.2,80.2.1,80.2.1.1,Q14289,Q14289,Q14289,3.25,HUMAN,57,"['Cytoplasm', 'Cytoplasm', 'Perinuclear region', 'Cell membrane', 'Cell junction', 'Focal adhesion', 'Cell projection', 'Lamellipodium', 'Cytoplasm', 'Cell cortex', 'Nucleus']",Eukaryota/Metazoa
PH,4ekuA03,4EKU,Q14289,FAK2_HUMAN,2455,CA,ALA,FALSE,A,318,95.93,E,E,c,cathpdb,X-ray diffraction,FALSE,FALSE,FALSE,FALSE,,0,buried,80,80.2,80.2.1,80.2.1.1,Q14289,Q14289,Q14289,3.25,HUMAN,58,"['Cytoplasm', 'Cytoplasm', 'Perinuclear region', 'Cell membrane', 'Cell junction', 'Focal adhesion', 'Cell projection', 'Lamellipodium', 'Cytoplasm', 'Cell cortex', 'Nucleus']",Eukaryota/Metazoa
PH,4ekuA03,4EKU,Q14289,FAK2_HUMAN,2458,CB,ALA,FALSE,A,318,92.9,E,E,c,cathpdb,X-ray diffraction,FALSE,FALSE,FALSE,FALSE,,0,buried,80,80.2,80.2.1,80.2.1.1,Q14289,Q14289,Q14289,3.25,HUMAN,58,"['Cytoplasm', 'Cytoplasm', 'Perinuclear region', 'Cell membrane', 'Cell junction', 'Focal adhesion', 'Cell projection', 'Lamellipodium', 'Cytoplasm', 'Cell cortex', 'Nucleus']",Eukaryota/Metazoa
PH,4ekuA03,4EKU,Q14289,FAK2_HUMAN,2460,CA,VAL,FALSE,A,319,90.85,E,E,d,cathpdb,X-ray diffraction,FALSE,FALSE,FALSE,FALSE,,0,buried,80,80.2,80.2.1,80.2.1.1,Q14289,Q14289,Q14289,3.25,HUMAN,59,"['Cytoplasm', 'Cytoplasm', 'Perinuclear region', 'Cell membrane', 'Cell junction', 'Focal adhesion', 'Cell projection', 'Lamellipodium', 'Cytoplasm', 'Cell cortex', 'Nucleus']",Eukaryota/Metazoa
PH,4ekuA03,4EKU,Q14289,FAK2_HUMAN,2463,CB,VAL,FALSE,A,319,95.64,E,E,d,cathpdb,X-ray diffraction,FALSE,FALSE,FALSE,FALSE,,0,buried,80,80.2,80.2.1,80.2.1.1,Q14289,Q14289,Q14289,3.25,HUMAN,59,"['Cytoplasm', 'Cytoplasm', 'Perinuclear region', 'Cell membrane', 'Cell junction', 'Focal adhesion', 'Cell projection', 'Lamellipodium', 'Cytoplasm', 'Cell cortex', 'Nucleus']",Eukaryota/Metazoa
PH,4ekuA03,4EKU,Q14289,FAK2_HUMAN,2467,CA,LEU,FALSE,A,320,82.83,E,E,d,cathpdb,X-ray diffraction,FALSE,FALSE,FALSE,FALSE,,0,buried,80,80.2,80.2.1,80.2.1.1,Q14289,Q14289,Q14289,3.25,HUMAN,60,"['Cytoplasm', 'Cytoplasm', 'Perinuclear region', 'Cell membrane', 'Cell junction', 'Focal adhesion', 'Cell projection', 'Lamellipodium', 'Cytoplasm', 'Cell cortex', 'Nucleus']",Eukaryota/Metazoa
PH,4ekuA03,4EKU,Q14289,FAK2_HUMAN,2470,CB,LEU,FALSE,A,320,78.51,E,E,d,cathpdb,X-ray diffraction,FALSE,FALSE,FALSE,FALSE,,0,buried,80,80.2,80.2.1,80.2.1.1,Q14289,Q14289,Q14289,3.25,HUMAN,60,"['Cytoplasm', 'Cytoplasm', 'Perinuclear region', 'Cell membrane', 'Cell junction', 'Focal adhesion', 'Cell projection', 'Lamellipodium', 'Cytoplasm', 'Cell cortex', 'Nucleus']",Eukaryota/Metazoa
PH,4ekuA03,4EKU,Q14289,FAK2_HUMAN,2475,CA,GLN,FALSE,A,321,91.29,E,E,d,cathpdb,X-ray diffraction,FALSE,FALSE,FALSE,FALSE,,0,buried,80,80.2,80.2.1,80.2.1.1,Q14289,Q14289,Q14289,3.25,HUMAN,61,"['Cytoplasm', 'Cytoplasm', 'Perinuclear region', 'Cell membrane', 'Cell junction', 'Focal adhesion', 'Cell projection', 'Lamellipodium', 'Cytoplasm', 'Cell cortex', 'Nucleus']",Eukaryota/Metazoa
PH,4ekuA03,4EKU,Q14289,FAK2_HUMAN,2478,CB,GLN,FALSE,A,321,97.07,E,E,d,cathpdb,X-ray diffraction,FALSE,FALSE,FALSE,FALSE,,0,buried,80,80.2,80.2.1,80.2.1.1,Q14289,Q14289,Q14289,3.25,HUMAN,61,"['Cytoplasm', 'Cytoplasm', 'Perinuclear region', 'Cell membrane', 'Cell junction', 'Focal adhesion', 'Cell projection', 'Lamellipodium', 'Cytoplasm', 'Cell cortex', 'Nucleus']",Eukaryota/Metazoa
PH,4ekuA03,4EKU,Q14289,FAK2_HUMAN,2484,CA,LEU,FALSE,A,322,91.09,E,E,d,cathpdb,X-ray diffraction,FALSE,FALSE,FALSE,FALSE,,0,buried,80,80.2,80.2.1,80.2.1.1,Q14289,Q14289,Q14289,3.25,HUMAN,62,"['Cytoplasm', 'Cytoplasm', 'Perinuclear region', 'Cell membrane', 'Cell junction', 'Focal adhesion', 'Cell projection', 'Lamellipodium', 'Cytoplasm', 'Cell cortex', 'Nucleus']",Eukaryota/Metazoa
PH,4ekuA03,4EKU,Q14289,FAK2_HUMAN,2487,CB,LEU,FALSE,A,322,87.93,E,E,d,cathpdb,X-ray diffraction,FALSE,FALSE,FALSE,FALSE,,0,buried,80,80.2,80.2.1,80.2.1.1,Q14289,Q14289,Q14289,3.25,HUMAN,62,"['Cytoplasm', 'Cytoplasm', 'Perinuclear region', 'Cell membrane', 'Cell junction', 'Focal adhesion', 'Cell projection', 'Lamellipodium', 'Cytoplasm', 'Cell cortex', 'Nucleus']",Eukaryota/Metazoa
PH,4ekuA03,4EKU,Q14289,FAK2_HUMAN,2492,CA,GLY,FALSE,A,323,107.59,E,-,d,cathpdb,X-ray diffraction,FALSE,FALSE,FALSE,FALSE,,0,buried,80,80.2,80.2.1,80.2.1.1,Q14289,Q14289,Q14289,3.25,HUMAN,63,"['Cytoplasm', 'Cytoplasm', 'Perinuclear region', 'Cell membrane', 'Cell junction', 'Focal adhesion', 'Cell projection', 'Lamellipodium', 'Cytoplasm', 'Cell cortex', 'Nucleus']",Eukaryota/Metazoa
PH,4ekuA03,4EKU,Q14289,FAK2_HUMAN,2496,CA,ILE,FALSE,A,324,113.45,E,B,e,cathpdb,X-ray diffraction,FALSE,FALSE,FALSE,FALSE,,0,buried,80,80.2,80.2.1,80.2.1.1,Q14289,Q14289,Q14289,3.25,HUMAN,64,"['Cytoplasm', 'Cytoplasm', 'Perinuclear region', 'Cell membrane', 'Cell junction', 'Focal adhesion', 'Cell projection', 'Lamellipodium', 'Cytoplasm', 'Cell cortex', 'Nucleus']",Eukaryota/Metazoa
PH,4ekuA03,4EKU,Q14289,FAK2_HUMAN,2499,CB,ILE,FALSE,A,324,111.77,E,B,e,cathpdb,X-ray diffraction,FALSE,FALSE,FALSE,FALSE,,0,buried,80,80.2,80.2.1,80.2.1.1,Q14289,Q14289,Q14289,3.25,HUMAN,64,"['Cytoplasm', 'Cytoplasm', 'Perinuclear region', 'Cell membrane', 'Cell junction', 'Focal adhesion', 'Cell projection', 'Lamellipodium', 'Cytoplasm', 'Cell cortex', 'Nucleus']",Eukaryota/Metazoa
PH,4ekuA03,4EKU,Q14289,FAK2_HUMAN,2504,CA,GLU,FALSE,A,325,132.69,C,T,h,cathpdb,X-ray diffraction,FALSE,FALSE,FALSE,FALSE,,0,exposed,80,80.2,80.2.1,80.2.1.1,Q14289,Q14289,Q14289,3.25,HUMAN,65,"['Cytoplasm', 'Cytoplasm', 'Perinuclear region', 'Cell membrane', 'Cell junction', 'Focal adhesion', 'Cell projection', 'Lamellipodium', 'Cytoplasm', 'Cell cortex', 'Nucleus']",Eukaryota/Metazoa
PH,4ekuA03,4EKU,Q14289,FAK2_HUMAN,2507,CB,GLU,FALSE,A,325,134.48,C,T,h,cathpdb,X-ray diffraction,TRUE,TRUE,FALSE,FALSE,303;304;305;306;307;323;324;326;327;328;330,20,exposed,80,80.2,80.2.1,80.2.1.1,Q14289,Q14289,Q14289,3.25,HUMAN,65,"['Cytoplasm', 'Cytoplasm', 'Perinuclear region', 'Cell membrane', 'Cell junction', 'Focal adhesion', 'Cell projection', 'Lamellipodium', 'Cytoplasm', 'Cell cortex', 'Nucleus']",Eukaryota/Metazoa
PH,4ekuA03,4EKU,Q14289,FAK2_HUMAN,2513,CA,GLY,FALSE,A,326,147.28,C,T,i,cathpdb,X-ray diffraction,TRUE,FALSE,FALSE,FALSE,,0,exposed,80,80.2,80.2.1,80.2.1.1,Q14289,Q14289,Q14289,3.25,HUMAN,66,"['Cytoplasm', 'Cytoplasm', 'Perinuclear region', 'Cell membrane', 'Cell junction', 'Focal adhesion', 'Cell projection', 'Lamellipodium', 'Cytoplasm', 'Cell cortex', 'Nucleus']",Eukaryota/Metazoa
PH,4ekuA03,4EKU,Q14289,FAK2_HUMAN,2517,CA,ALA,FALSE,A,327,139.37,C,-,a,cathpdb,X-ray diffraction,FALSE,FALSE,FALSE,FALSE,,0,exposed,80,80.2,80.2.1,80.2.1.1,Q14289,Q14289,Q14289,3.25,HUMAN,67,"['Cytoplasm', 'Cytoplasm', 'Perinuclear region', 'Cell membrane', 'Cell junction', 'Focal adhesion', 'Cell projection', 'Lamellipodium', 'Cytoplasm', 'Cell cortex', 'Nucleus']",Eukaryota/Metazoa
PH,4ekuA03,4EKU,Q14289,FAK2_HUMAN,2520,CB,ALA,FALSE,A,327,130.53,C,-,a,cathpdb,X-ray diffraction,FALSE,FALSE,FALSE,FALSE,,0,exposed,80,80.2,80.2.1,80.2.1.1,Q14289,Q14289,Q14289,3.25,HUMAN,67,"['Cytoplasm', 'Cytoplasm', 'Perinuclear region', 'Cell membrane', 'Cell junction', 'Focal adhesion', 'Cell projection', 'Lamellipodium', 'Cytoplasm', 'Cell cortex', 'Nucleus']",Eukaryota/Metazoa
PH,4ekuA03,4EKU,Q14289,FAK2_HUMAN,2522,CA,PRO,FALSE,A,328,156.9,C,S,b,cathpdb,X-ray diffraction,FALSE,FALSE,FALSE,FALSE,,0,exposed,80,80.2,80.2.1,80.2.1.1,Q14289,Q14289,Q14289,3.25,HUMAN,68,"['Cytoplasm', 'Cytoplasm', 'Perinuclear region', 'Cell membrane', 'Cell junction', 'Focal adhesion', 'Cell projection', 'Lamellipodium', 'Cytoplasm', 'Cell cortex', 'Nucleus']",Eukaryota/Metazoa
PH,4ekuA03,4EKU,Q14289,FAK2_HUMAN,2525,CB,PRO,FALSE,A,328,166.26,C,S,b,cathpdb,X-ray diffraction,TRUE,TRUE,FALSE,FALSE,324;325;326;327;329;330,12,exposed,80,80.2,80.2.1,80.2.1.1,Q14289,Q14289,Q14289,3.25,HUMAN,68,"['Cytoplasm', 'Cytoplasm', 'Perinuclear region', 'Cell membrane', 'Cell junction', 'Focal adhesion', 'Cell projection', 'Lamellipodium', 'Cytoplasm', 'Cell cortex', 'Nucleus']",Eukaryota/Metazoa
PH,4ekuA03,4EKU,Q14289,FAK2_HUMAN,2529,CA,GLN,FALSE,A,329,143.31,C,S,d,cathpdb,X-ray diffraction,FALSE,FALSE,FALSE,FALSE,,0,exposed,80,80.2,80.2.1,80.2.1.1,Q14289,Q14289,Q14289,3.25,HUMAN,69,"['Cytoplasm', 'Cytoplasm', 'Perinuclear region', 'Cell membrane', 'Cell junction', 'Focal adhesion', 'Cell projection', 'Lamellipodium', 'Cytoplasm', 'Cell cortex', 'Nucleus']",Eukaryota/Metazoa
PH,4ekuA03,4EKU,Q14289,FAK2_HUMAN,2532,CB,GLN,FALSE,A,329,144.11,C,S,d,cathpdb,X-ray diffraction,FALSE,FALSE,FALSE,FALSE,,0,exposed,80,80.2,80.2.1,80.2.1.1,Q14289,Q14289,Q14289,3.25,HUMAN,69,"['Cytoplasm', 'Cytoplasm', 'Perinuclear region', 'Cell membrane', 'Cell junction', 'Focal adhesion', 'Cell projection', 'Lamellipodium', 'Cytoplasm', 'Cell cortex', 'Nucleus']",Eukaryota/Metazoa
PH,4ekuA03,4EKU,Q14289,FAK2_HUMAN,2538,CA,ALA,FALSE,A,330,116.46,C,-,c,cathpdb,X-ray diffraction,FALSE,FALSE,FALSE,FALSE,,0,exposed,80,80.2,80.2.1,80.2.1.1,Q14289,Q14289,Q14289,3.25,HUMAN,70,"['Cytoplasm', 'Cytoplasm', 'Perinuclear region', 'Cell membrane', 'Cell junction', 'Focal adhesion', 'Cell projection', 'Lamellipodium', 'Cytoplasm', 'Cell cortex', 'Nucleus']",Eukaryota/Metazoa
PH,4ekuA03,4EKU,Q14289,FAK2_HUMAN,2541,CB,ALA,FALSE,A,330,113.97,C,-,c,cathpdb,X-ray diffraction,FALSE,FALSE,FALSE,FALSE,,0,exposed,80,80.2,80.2.1,80.2.1.1,Q14289,Q14289,Q14289,3.25,HUMAN,70,"['Cytoplasm', 'Cytoplasm', 'Perinuclear region', 'Cell membrane', 'Cell junction', 'Focal adhesion', 'Cell projection', 'Lamellipodium', 'Cytoplasm', 'Cell cortex', 'Nucleus']",Eukaryota/Metazoa
PH,4ekuA03,4EKU,Q14289,FAK2_HUMAN,2543,CA,LEU,FALSE,A,331,97.58,E,E,d,cathpdb,X-ray diffraction,FALSE,FALSE,FALSE,FALSE,,0,buried,80,80.2,80.2.1,80.2.1.1,Q14289,Q14289,Q14289,3.25,HUMAN,71,"['Cytoplasm', 'Cytoplasm', 'Perinuclear region', 'Cell membrane', 'Cell junction', 'Focal adhesion', 'Cell projection', 'Lamellipodium', 'Cytoplasm', 'Cell cortex', 'Nucleus']",Eukaryota/Metazoa
PH,4ekuA03,4EKU,Q14289,FAK2_HUMAN,2546,CB,LEU,FALSE,A,331,92.65,E,E,d,cathpdb,X-ray diffraction,FALSE,FALSE,FALSE,FALSE,,0,buried,80,80.2,80.2.1,80.2.1.1,Q14289,Q14289,Q14289,3.25,HUMAN,71,"['Cytoplasm', 'Cytoplasm', 'Perinuclear region', 'Cell membrane', 'Cell junction', 'Focal adhesion', 'Cell projection', 'Lamellipodium', 'Cytoplasm', 'Cell cortex', 'Nucleus']",Eukaryota/Metazoa
PH,4ekuA03,4EKU,Q14289,FAK2_HUMAN,2551,CA,SER,FALSE,A,332,92.55,E,E,d,cathpdb,X-ray diffraction,FALSE,FALSE,FALSE,FALSE,,0,buried,80,80.2,80.2.1,80.2.1.1,Q14289,Q14289,Q14289,3.25,HUMAN,72,"['Cytoplasm', 'Cytoplasm', 'Perinuclear region', 'Cell membrane', 'Cell junction', 'Focal adhesion', 'Cell projection', 'Lamellipodium', 'Cytoplasm', 'Cell cortex', 'Nucleus']",Eukaryota/Metazoa
PH,4ekuA03,4EKU,Q14289,FAK2_HUMAN,2554,CB,SER,FALSE,A,332,98.24,E,E,d,cathpdb,X-ray diffraction,FALSE,FALSE,FALSE,FALSE,,0,buried,80,80.2,80.2.1,80.2.1.1,Q14289,Q14289,Q14289,3.25,HUMAN,72,"['Cytoplasm', 'Cytoplasm', 'Perinuclear region', 'Cell membrane', 'Cell junction', 'Focal adhesion', 'Cell projection', 'Lamellipodium', 'Cytoplasm', 'Cell cortex', 'Nucleus']",Eukaryota/Metazoa
PH,4ekuA03,4EKU,Q14289,FAK2_HUMAN,2557,CA,ILE,FALSE,A,333,79.98,E,E,d,cathpdb,X-ray diffraction,FALSE,FALSE,FALSE,FALSE,,0,buried,80,80.2,80.2.1,80.2.1.1,Q14289,Q14289,Q14289,3.25,HUMAN,73,"['Cytoplasm', 'Cytoplasm', 'Perinuclear region', 'Cell membrane', 'Cell junction', 'Focal adhesion', 'Cell projection', 'Lamellipodium', 'Cytoplasm', 'Cell cortex', 'Nucleus']",Eukaryota/Metazoa
PH,4ekuA03,4EKU,Q14289,FAK2_HUMAN,2560,CB,ILE,FALSE,A,333,74.75,E,E,d,cathpdb,X-ray diffraction,FALSE,FALSE,FALSE,FALSE,,0,buried,80,80.2,80.2.1,80.2.1.1,Q14289,Q14289,Q14289,3.25,HUMAN,73,"['Cytoplasm', 'Cytoplasm', 'Perinuclear region', 'Cell membrane', 'Cell junction', 'Focal adhesion', 'Cell projection', 'Lamellipodium', 'Cytoplasm', 'Cell cortex', 'Nucleus']",Eukaryota/Metazoa
PH,4ekuA03,4EKU,Q14289,FAK2_HUMAN,2565,CA,LYS,FALSE,A,334,85.63,E,E,d,cathpdb,X-ray diffraction,FALSE,FALSE,FALSE,FALSE,,0,buried,80,80.2,80.2.1,80.2.1.1,Q14289,Q14289,Q14289,3.25,HUMAN,74,"['Cytoplasm', 'Cytoplasm', 'Perinuclear region', 'Cell membrane', 'Cell junction', 'Focal adhesion', 'Cell projection', 'Lamellipodium', 'Cytoplasm', 'Cell cortex', 'Nucleus']",Eukaryota/Metazoa
PH,4ekuA03,4EKU,Q14289,FAK2_HUMAN,2568,CB,LYS,FALSE,A,334,91.9,E,E,d,cathpdb,X-ray diffraction,FALSE,FALSE,FALSE,FALSE,,0,buried,80,80.2,80.2.1,80.2.1.1,Q14289,Q14289,Q14289,3.25,HUMAN,74,"['Cytoplasm', 'Cytoplasm', 'Perinuclear region', 'Cell membrane', 'Cell junction', 'Focal adhesion', 'Cell projection', 'Lamellipodium', 'Cytoplasm', 'Cell cortex', 'Nucleus']",Eukaryota/Metazoa
PH,4ekuA03,4EKU,Q14289,FAK2_HUMAN,2574,CA,THR,FALSE,A,335,79.18,E,E,f,cathpdb,X-ray diffraction,FALSE,FALSE,FALSE,FALSE,,0,buried,80,80.2,80.2.1,80.2.1.1,Q14289,Q14289,Q14289,3.25,HUMAN,75,"['Cytoplasm', 'Cytoplasm', 'Perinuclear region', 'Cell membrane', 'Cell junction', 'Focal adhesion', 'Cell projection', 'Lamellipodium', 'Cytoplasm', 'Cell cortex', 'Nucleus']",Eukaryota/Metazoa
PH,4ekuA03,4EKU,Q14289,FAK2_HUMAN,2577,CB,THR,FALSE,A,335,74.9,E,E,f,cathpdb,X-ray diffraction,FALSE,FALSE,FALSE,FALSE,,0,buried,80,80.2,80.2.1,80.2.1.1,Q14289,Q14289,Q14289,3.25,HUMAN,75,"['Cytoplasm', 'Cytoplasm', 'Perinuclear region', 'Cell membrane', 'Cell junction', 'Focal adhesion', 'Cell projection', 'Lamellipodium', 'Cytoplasm', 'Cell cortex', 'Nucleus']",Eukaryota/Metazoa
PH,4ekuA03,4EKU,Q14289,FAK2_HUMAN,2581,CA,SER,FALSE,A,336,88.16,C,S,b,cathpdb,X-ray diffraction,FALSE,FALSE,FALSE,FALSE,,0,exposed,80,80.2,80.2.1,80.2.1.1,Q14289,Q14289,Q14289,3.25,HUMAN,76,"['Cytoplasm', 'Cytoplasm', 'Perinuclear region', 'Cell membrane', 'Cell junction', 'Focal adhesion', 'Cell projection', 'Lamellipodium', 'Cytoplasm', 'Cell cortex', 'Nucleus']",Eukaryota/Metazoa
PH,4ekuA03,4EKU,Q14289,FAK2_HUMAN,2584,CB,SER,FALSE,A,336,88.37,C,S,b,cathpdb,X-ray diffraction,TRUE,FALSE,FALSE,FALSE,265;266;267;268;316;317;318;319;334;335;337;338;339;340;341,29,exposed,80,80.2,80.2.1,80.2.1.1,Q14289,Q14289,Q14289,3.25,HUMAN,76,"['Cytoplasm', 'Cytoplasm', 'Perinuclear region', 'Cell membrane', 'Cell junction', 'Focal adhesion', 'Cell projection', 'Lamellipodium', 'Cytoplasm', 'Cell cortex', 'Nucleus']",Eukaryota/Metazoa
PH,4ekuA03,4EKU,Q14289,FAK2_HUMAN,2587,CA,SER,FALSE,A,337,88.52,C,-,f,cathpdb,X-ray diffraction,FALSE,FALSE,FALSE,FALSE,,0,exposed,80,80.2,80.2.1,80.2.1.1,Q14289,Q14289,Q14289,3.25,HUMAN,77,"['Cytoplasm', 'Cytoplasm', 'Perinuclear region', 'Cell membrane', 'Cell junction', 'Focal adhesion', 'Cell projection', 'Lamellipodium', 'Cytoplasm', 'Cell cortex', 'Nucleus']",Eukaryota/Metazoa
PH,4ekuA03,4EKU,Q14289,FAK2_HUMAN,2590,CB,SER,FALSE,A,337,88.22,C,-,f,cathpdb,X-ray diffraction,TRUE,FALSE,FALSE,FALSE,312;315;316;317;318;319;335;336;338;339;340;341;342;343,26,exposed,80,80.2,80.2.1,80.2.1.1,Q14289,Q14289,Q14289,3.25,HUMAN,77,"['Cytoplasm', 'Cytoplasm', 'Perinuclear region', 'Cell membrane', 'Cell junction', 'Focal adhesion', 'Cell projection', 'Lamellipodium', 'Cytoplasm', 'Cell cortex', 'Nucleus']",Eukaryota/Metazoa
PH,4ekuA03,4EKU,Q14289,FAK2_HUMAN,2593,CA,LEU,FALSE,A,338,87.22,H,H,k,cathpdb,X-ray diffraction,FALSE,FALSE,FALSE,FALSE,,0,exposed,80,80.2,80.2.1,80.2.1.1,Q14289,Q14289,Q14289,3.25,HUMAN,78,"['Cytoplasm', 'Cytoplasm', 'Perinuclear region', 'Cell membrane', 'Cell junction', 'Focal adhesion', 'Cell projection', 'Lamellipodium', 'Cytoplasm', 'Cell cortex', 'Nucleus']",Eukaryota/Metazoa
PH,4ekuA03,4EKU,Q14289,FAK2_HUMAN,2596,CB,LEU,FALSE,A,338,91.67,H,H,k,cathpdb,X-ray diffraction,FALSE,FALSE,FALSE,FALSE,,0,exposed,80,80.2,80.2.1,80.2.1.1,Q14289,Q14289,Q14289,3.25,HUMAN,78,"['Cytoplasm', 'Cytoplasm', 'Perinuclear region', 'Cell membrane', 'Cell junction', 'Focal adhesion', 'Cell projection', 'Lamellipodium', 'Cytoplasm', 'Cell cortex', 'Nucleus']",Eukaryota/Metazoa
PH,4ekuA03,4EKU,Q14289,FAK2_HUMAN,2601,CA,ALA,FALSE,A,339,81.92,H,H,l,cathpdb,X-ray diffraction,FALSE,FALSE,FALSE,FALSE,,0,exposed,80,80.2,80.2.1,80.2.1.1,Q14289,Q14289,Q14289,3.25,HUMAN,79,"['Cytoplasm', 'Cytoplasm', 'Perinuclear region', 'Cell membrane', 'Cell junction', 'Focal adhesion', 'Cell projection', 'Lamellipodium', 'Cytoplasm', 'Cell cortex', 'Nucleus']",Eukaryota/Metazoa
PH,4ekuA03,4EKU,Q14289,FAK2_HUMAN,2604,CB,ALA,FALSE,A,339,84.77,H,H,l,cathpdb,X-ray diffraction,TRUE,TRUE,FALSE,FALSE,310;316;317;318;335;336;337;338;340;341;342;343;344,24,exposed,80,80.2,80.2.1,80.2.1.1,Q14289,Q14289,Q14289,3.25,HUMAN,79,"['Cytoplasm', 'Cytoplasm', 'Perinuclear region', 'Cell membrane', 'Cell junction', 'Focal adhesion', 'Cell projection', 'Lamellipodium', 'Cytoplasm', 'Cell cortex', 'Nucleus']",Eukaryota/Metazoa
PH,4ekuA03,4EKU,Q14289,FAK2_HUMAN,2606,CA,GLU,FALSE,A,340,76.22,H,H,m,cathpdb,X-ray diffraction,FALSE,FALSE,FALSE,FALSE,,0,buried,80,80.2,80.2.1,80.2.1.1,Q14289,Q14289,Q14289,3.25,HUMAN,80,"['Cytoplasm', 'Cytoplasm', 'Perinuclear region', 'Cell membrane', 'Cell junction', 'Focal adhesion', 'Cell projection', 'Lamellipodium', 'Cytoplasm', 'Cell cortex', 'Nucleus']",Eukaryota/Metazoa
PH,4ekuA03,4EKU,Q14289,FAK2_HUMAN,2609,CB,GLU,FALSE,A,340,78.49,H,H,m,cathpdb,X-ray diffraction,FALSE,FALSE,FALSE,FALSE,,0,buried,80,80.2,80.2.1,80.2.1.1,Q14289,Q14289,Q14289,3.25,HUMAN,80,"['Cytoplasm', 'Cytoplasm', 'Perinuclear region', 'Cell membrane', 'Cell junction', 'Focal adhesion', 'Cell projection', 'Lamellipodium', 'Cytoplasm', 'Cell cortex', 'Nucleus']",Eukaryota/Metazoa
PH,4ekuA03,4EKU,Q14289,FAK2_HUMAN,2615,CA,ALA,FALSE,A,341,76.28,H,H,m,cathpdb,X-ray diffraction,FALSE,FALSE,FALSE,FALSE,,0,buried,80,80.2,80.2.1,80.2.1.1,Q14289,Q14289,Q14289,3.25,HUMAN,81,"['Cytoplasm', 'Cytoplasm', 'Perinuclear region', 'Cell membrane', 'Cell junction', 'Focal adhesion', 'Cell projection', 'Lamellipodium', 'Cytoplasm', 'Cell cortex', 'Nucleus']",Eukaryota/Metazoa
PH,4ekuA03,4EKU,Q14289,FAK2_HUMAN,2618,CB,ALA,FALSE,A,341,80.98,H,H,m,cathpdb,X-ray diffraction,FALSE,FALSE,FALSE,FALSE,,0,buried,80,80.2,80.2.1,80.2.1.1,Q14289,Q14289,Q14289,3.25,HUMAN,81,"['Cytoplasm', 'Cytoplasm', 'Perinuclear region', 'Cell membrane', 'Cell junction', 'Focal adhesion', 'Cell projection', 'Lamellipodium', 'Cytoplasm', 'Cell cortex', 'Nucleus']",Eukaryota/Metazoa
PH,4ekuA03,4EKU,Q14289,FAK2_HUMAN,2620,CA,GLU,FALSE,A,342,73.54,H,H,m,cathpdb,X-ray diffraction,FALSE,FALSE,FALSE,FALSE,,0,exposed,80,80.2,80.2.1,80.2.1.1,Q14289,Q14289,Q14289,3.25,HUMAN,82,"['Cytoplasm', 'Cytoplasm', 'Perinuclear region', 'Cell membrane', 'Cell junction', 'Focal adhesion', 'Cell projection', 'Lamellipodium', 'Cytoplasm', 'Cell cortex', 'Nucleus']",Eukaryota/Metazoa
PH,4ekuA03,4EKU,Q14289,FAK2_HUMAN,2623,CB,GLU,FALSE,A,342,76.06,H,H,m,cathpdb,X-ray diffraction,FALSE,FALSE,FALSE,FALSE,,0,exposed,80,80.2,80.2.1,80.2.1.1,Q14289,Q14289,Q14289,3.25,HUMAN,82,"['Cytoplasm', 'Cytoplasm', 'Perinuclear region', 'Cell membrane', 'Cell junction', 'Focal adhesion', 'Cell projection', 'Lamellipodium', 'Cytoplasm', 'Cell cortex', 'Nucleus']",Eukaryota/Metazoa
PH,4ekuA03,4EKU,Q14289,FAK2_HUMAN,2629,CA,ASN,FALSE,A,343,66.47,H,H,m,cathpdb,X-ray diffraction,FALSE,FALSE,FALSE,FALSE,,0,exposed,80,80.2,80.2.1,80.2.1.1,Q14289,Q14289,Q14289,3.25,HUMAN,83,"['Cytoplasm', 'Cytoplasm', 'Perinuclear region', 'Cell membrane', 'Cell junction', 'Focal adhesion', 'Cell projection', 'Lamellipodium', 'Cytoplasm', 'Cell cortex', 'Nucleus']",Eukaryota/Metazoa
PH,4ekuA03,4EKU,Q14289,FAK2_HUMAN,2632,CB,ASN,FALSE,A,343,66.97,H,H,m,cathpdb,X-ray diffraction,FALSE,FALSE,FALSE,FALSE,,0,exposed,80,80.2,80.2.1,80.2.1.1,Q14289,Q14289,Q14289,3.25,HUMAN,83,"['Cytoplasm', 'Cytoplasm', 'Perinuclear region', 'Cell membrane', 'Cell junction', 'Focal adhesion', 'Cell projection', 'Lamellipodium', 'Cytoplasm', 'Cell cortex', 'Nucleus']",Eukaryota/Metazoa
PH,4ekuA03,4EKU,Q14289,FAK2_HUMAN,2637,CA,MET,FALSE,A,344,66.31,H,H,m,cathpdb,X-ray diffraction,FALSE,FALSE,FALSE,FALSE,,0,buried,80,80.2,80.2.1,80.2.1.1,Q14289,Q14289,Q14289,3.25,HUMAN,84,"['Cytoplasm', 'Cytoplasm', 'Perinuclear region', 'Cell membrane', 'Cell junction', 'Focal adhesion', 'Cell projection', 'Lamellipodium', 'Cytoplasm', 'Cell cortex', 'Nucleus']",Eukaryota/Metazoa
PH,4ekuA03,4EKU,Q14289,FAK2_HUMAN,2640,CB,MET,FALSE,A,344,69.19,H,H,m,cathpdb,X-ray diffraction,FALSE,FALSE,FALSE,FALSE,,0,buried,80,80.2,80.2.1,80.2.1.1,Q14289,Q14289,Q14289,3.25,HUMAN,84,"['Cytoplasm', 'Cytoplasm', 'Perinuclear region', 'Cell membrane', 'Cell junction', 'Focal adhesion', 'Cell projection', 'Lamellipodium', 'Cytoplasm', 'Cell cortex', 'Nucleus']",Eukaryota/Metazoa
PH,4ekuA03,4EKU,Q14289,FAK2_HUMAN,2645,CA,ALA,FALSE,A,345,69.86,H,H,m,cathpdb,X-ray diffraction,FALSE,FALSE,FALSE,FALSE,,0,buried,80,80.2,80.2.1,80.2.1.1,Q14289,Q14289,Q14289,3.25,HUMAN,85,"['Cytoplasm', 'Cytoplasm', 'Perinuclear region', 'Cell membrane', 'Cell junction', 'Focal adhesion', 'Cell projection', 'Lamellipodium', 'Cytoplasm', 'Cell cortex', 'Nucleus']",Eukaryota/Metazoa
PH,4ekuA03,4EKU,Q14289,FAK2_HUMAN,2648,CB,ALA,FALSE,A,345,72.71,H,H,m,cathpdb,X-ray diffraction,FALSE,FALSE,FALSE,FALSE,,0,buried,80,80.2,80.2.1,80.2.1.1,Q14289,Q14289,Q14289,3.25,HUMAN,85,"['Cytoplasm', 'Cytoplasm', 'Perinuclear region', 'Cell membrane', 'Cell junction', 'Focal adhesion', 'Cell projection', 'Lamellipodium', 'Cytoplasm', 'Cell cortex', 'Nucleus']",Eukaryota/Metazoa
PH,4ekuA03,4EKU,Q14289,FAK2_HUMAN,2650,CA,ASP,FALSE,A,346,67.68,H,H,m,cathpdb,X-ray diffraction,FALSE,FALSE,FALSE,FALSE,,0,exposed,80,80.2,80.2.1,80.2.1.1,Q14289,Q14289,Q14289,3.25,HUMAN,86,"['Cytoplasm', 'Cytoplasm', 'Perinuclear region', 'Cell membrane', 'Cell junction', 'Focal adhesion', 'Cell projection', 'Lamellipodium', 'Cytoplasm', 'Cell cortex', 'Nucleus']",Eukaryota/Metazoa
PH,4ekuA03,4EKU,Q14289,FAK2_HUMAN,2653,CB,ASP,FALSE,A,346,68.3,H,H,m,cathpdb,X-ray diffraction,TRUE,TRUE,FALSE,FALSE,308;340;341;342;343;344;345;347;348;349;350;351;353;361;363,25,exposed,80,80.2,80.2.1,80.2.1.1,Q14289,Q14289,Q14289,3.25,HUMAN,86,"['Cytoplasm', 'Cytoplasm', 'Perinuclear region', 'Cell membrane', 'Cell junction', 'Focal adhesion', 'Cell projection', 'Lamellipodium', 'Cytoplasm', 'Cell cortex', 'Nucleus']",Eukaryota/Metazoa
PH,4ekuA03,4EKU,Q14289,FAK2_HUMAN,2658,CA,LEU,FALSE,A,347,62.82,H,H,m,cathpdb,X-ray diffraction,FALSE,FALSE,FALSE,FALSE,,0,buried,80,80.2,80.2.1,80.2.1.1,Q14289,Q14289,Q14289,3.25,HUMAN,87,"['Cytoplasm', 'Cytoplasm', 'Perinuclear region', 'Cell membrane', 'Cell junction', 'Focal adhesion', 'Cell projection', 'Lamellipodium', 'Cytoplasm', 'Cell cortex', 'Nucleus']",Eukaryota/Metazoa
PH,4ekuA03,4EKU,Q14289,FAK2_HUMAN,2661,CB,LEU,FALSE,A,347,62.45,H,H,m,cathpdb,X-ray diffraction,FALSE,FALSE,FALSE,FALSE,,0,buried,80,80.2,80.2.1,80.2.1.1,Q14289,Q14289,Q14289,3.25,HUMAN,87,"['Cytoplasm', 'Cytoplasm', 'Perinuclear region', 'Cell membrane', 'Cell junction', 'Focal adhesion', 'Cell projection', 'Lamellipodium', 'Cytoplasm', 'Cell cortex', 'Nucleus']",Eukaryota/Metazoa
PH,4ekuA03,4EKU,Q14289,FAK2_HUMAN,2666,CA,ILE,FALSE,A,348,67.26,H,H,m,cathpdb,X-ray diffraction,FALSE,FALSE,FALSE,FALSE,,0,buried,80,80.2,80.2.1,80.2.1.1,Q14289,Q14289,Q14289,3.25,HUMAN,88,"['Cytoplasm', 'Cytoplasm', 'Perinuclear region', 'Cell membrane', 'Cell junction', 'Focal adhesion', 'Cell projection', 'Lamellipodium', 'Cytoplasm', 'Cell cortex', 'Nucleus']",Eukaryota/Metazoa
PH,4ekuA03,4EKU,Q14289,FAK2_HUMAN,2669,CB,ILE,FALSE,A,348,69.65,H,H,m,cathpdb,X-ray diffraction,FALSE,FALSE,FALSE,FALSE,,0,buried,80,80.2,80.2.1,80.2.1.1,Q14289,Q14289,Q14289,3.25,HUMAN,88,"['Cytoplasm', 'Cytoplasm', 'Perinuclear region', 'Cell membrane', 'Cell junction', 'Focal adhesion', 'Cell projection', 'Lamellipodium', 'Cytoplasm', 'Cell cortex', 'Nucleus']",Eukaryota/Metazoa
PH,4ekuA03,4EKU,Q14289,FAK2_HUMAN,2674,CA,ASP,FALSE,A,349,70.92,H,H,m,cathpdb,X-ray diffraction,FALSE,FALSE,FALSE,FALSE,,0,buried,80,80.2,80.2.1,80.2.1.1,Q14289,Q14289,Q14289,3.25,HUMAN,89,"['Cytoplasm', 'Cytoplasm', 'Perinuclear region', 'Cell membrane', 'Cell junction', 'Focal adhesion', 'Cell projection', 'Lamellipodium', 'Cytoplasm', 'Cell cortex', 'Nucleus']",Eukaryota/Metazoa
PH,4ekuA03,4EKU,Q14289,FAK2_HUMAN,2677,CB,ASP,FALSE,A,349,72.77,H,H,m,cathpdb,X-ray diffraction,FALSE,FALSE,FALSE,FALSE,,0,buried,80,80.2,80.2.1,80.2.1.1,Q14289,Q14289,Q14289,3.25,HUMAN,89,"['Cytoplasm', 'Cytoplasm', 'Perinuclear region', 'Cell membrane', 'Cell junction', 'Focal adhesion', 'Cell projection', 'Lamellipodium', 'Cytoplasm', 'Cell cortex', 'Nucleus']",Eukaryota/Metazoa
PH,4ekuA03,4EKU,Q14289,FAK2_HUMAN,2682,CA,GLY,FALSE,A,350,66.69,H,H,m,cathpdb,X-ray diffraction,FALSE,FALSE,FALSE,FALSE,,0,buried,80,80.2,80.2.1,80.2.1.1,Q14289,Q14289,Q14289,3.25,HUMAN,90,"['Cytoplasm', 'Cytoplasm', 'Perinuclear region', 'Cell membrane', 'Cell junction', 'Focal adhesion', 'Cell projection', 'Lamellipodium', 'Cytoplasm', 'Cell cortex', 'Nucleus']",Eukaryota/Metazoa
PH,4ekuA03,4EKU,Q14289,FAK2_HUMAN,2686,CA,TYR,FALSE,A,351,69.97,H,H,m,cathpdb,X-ray diffraction,FALSE,FALSE,FALSE,FALSE,,0,buried,80,80.2,80.2.1,80.2.1.1,Q14289,Q14289,Q14289,3.25,HUMAN,91,"['Cytoplasm', 'Cytoplasm', 'Perinuclear region', 'Cell membrane', 'Cell junction', 'Focal adhesion', 'Cell projection', 'Lamellipodium', 'Cytoplasm', 'Cell cortex', 'Nucleus']",Eukaryota/Metazoa
PH,4ekuA03,4EKU,Q14289,FAK2_HUMAN,2689,CB,TYR,FALSE,A,351,69.54,H,H,m,cathpdb,X-ray diffraction,FALSE,FALSE,FALSE,FALSE,,0,buried,80,80.2,80.2.1,80.2.1.1,Q14289,Q14289,Q14289,3.25,HUMAN,91,"['Cytoplasm', 'Cytoplasm', 'Perinuclear region', 'Cell membrane', 'Cell junction', 'Focal adhesion', 'Cell projection', 'Lamellipodium', 'Cytoplasm', 'Cell cortex', 'Nucleus']",Eukaryota/Metazoa
PH,4ekuA03,4EKU,Q14289,FAK2_HUMAN,2698,CA,CYS,FALSE,A,352,81.8,H,H,m,cathpdb,X-ray diffraction,FALSE,FALSE,FALSE,FALSE,,0,buried,80,80.2,80.2.1,80.2.1.1,Q14289,Q14289,Q14289,3.25,HUMAN,92,"['Cytoplasm', 'Cytoplasm', 'Perinuclear region', 'Cell membrane', 'Cell junction', 'Focal adhesion', 'Cell projection', 'Lamellipodium', 'Cytoplasm', 'Cell cortex', 'Nucleus']",Eukaryota/Metazoa
PH,4ekuA03,4EKU,Q14289,FAK2_HUMAN,2701,CB,CYS,FALSE,A,352,83.72,H,H,m,cathpdb,X-ray diffraction,FALSE,FALSE,FALSE,FALSE,,0,buried,80,80.2,80.2.1,80.2.1.1,Q14289,Q14289,Q14289,3.25,HUMAN,92,"['Cytoplasm', 'Cytoplasm', 'Perinuclear region', 'Cell membrane', 'Cell junction', 'Focal adhesion', 'Cell projection', 'Lamellipodium', 'Cytoplasm', 'Cell cortex', 'Nucleus']",Eukaryota/Metazoa
PH,4ekuA03,4EKU,Q14289,FAK2_HUMAN,2704,CA,ARG,FALSE,A,353,83.41,H,H,m,cathpdb,X-ray diffraction,FALSE,FALSE,FALSE,FALSE,,0,exposed,80,80.2,80.2.1,80.2.1.1,Q14289,Q14289,Q14289,3.25,HUMAN,93,"['Cytoplasm', 'Cytoplasm', 'Perinuclear region', 'Cell membrane', 'Cell junction', 'Focal adhesion', 'Cell projection', 'Lamellipodium', 'Cytoplasm', 'Cell cortex', 'Nucleus']",Eukaryota/Metazoa
PH,4ekuA03,4EKU,Q14289,FAK2_HUMAN,2707,CB,ARG,FALSE,A,353,81.22,H,H,m,cathpdb,X-ray diffraction,FALSE,FALSE,FALSE,FALSE,,0,exposed,80,80.2,80.2.1,80.2.1.1,Q14289,Q14289,Q14289,3.25,HUMAN,93,"['Cytoplasm', 'Cytoplasm', 'Perinuclear region', 'Cell membrane', 'Cell junction', 'Focal adhesion', 'Cell projection', 'Lamellipodium', 'Cytoplasm', 'Cell cortex', 'Nucleus']",Eukaryota/Metazoa
PH,4ekuA03,4EKU,Q14289,FAK2_HUMAN,2715,CA,LEU,FALSE,A,354,82.95,H,H,m,cathpdb,X-ray diffraction,FALSE,FALSE,FALSE,FALSE,,0,exposed,80,80.2,80.2.1,80.2.1.1,Q14289,Q14289,Q14289,3.25,HUMAN,94,"['Cytoplasm', 'Cytoplasm', 'Perinuclear region', 'Cell membrane', 'Cell junction', 'Focal adhesion', 'Cell projection', 'Lamellipodium', 'Cytoplasm', 'Cell cortex', 'Nucleus']",Eukaryota/Metazoa
PH,4ekuA03,4EKU,Q14289,FAK2_HUMAN,2718,CB,LEU,FALSE,A,354,79.32,H,H,m,cathpdb,X-ray diffraction,TRUE,TRUE,TRUE,FALSE,283;302;347;348;349;350;351;352;353;355;356;357,20,exposed,80,80.2,80.2.1,80.2.1.1,Q14289,Q14289,Q14289,3.25,HUMAN,94,"['Cytoplasm', 'Cytoplasm', 'Perinuclear region', 'Cell membrane', 'Cell junction', 'Focal adhesion', 'Cell projection', 'Lamellipodium', 'Cytoplasm', 'Cell cortex', 'Nucleus']",Eukaryota/Metazoa
PH,4ekuA03,4EKU,Q14289,FAK2_HUMAN,2723,CA,GLN,FALSE,A,355,96.58,H,H,p,cathpdb,X-ray diffraction,FALSE,FALSE,FALSE,FALSE,,0,exposed,80,80.2,80.2.1,80.2.1.1,Q14289,Q14289,Q14289,3.25,HUMAN,95,"['Cytoplasm', 'Cytoplasm', 'Perinuclear region', 'Cell membrane', 'Cell junction', 'Focal adhesion', 'Cell projection', 'Lamellipodium', 'Cytoplasm', 'Cell cortex', 'Nucleus']",Eukaryota/Metazoa
PH,4ekuA03,4EKU,Q14289,FAK2_HUMAN,2726,CB,GLN,FALSE,A,355,95.26,H,H,p,cathpdb,X-ray diffraction,FALSE,FALSE,FALSE,FALSE,,0,exposed,80,80.2,80.2.1,80.2.1.1,Q14289,Q14289,Q14289,3.25,HUMAN,95,"['Cytoplasm', 'Cytoplasm', 'Perinuclear region', 'Cell membrane', 'Cell junction', 'Focal adhesion', 'Cell projection', 'Lamellipodium', 'Cytoplasm', 'Cell cortex', 'Nucleus']",Eukaryota/Metazoa
PH,4ekuA03,4EKU,Q14289,FAK2_HUMAN,2732,CA,GLY,FALSE,A,356,110.99,C,S,g,cathpdb,X-ray diffraction,FALSE,FALSE,FALSE,FALSE,,0,exposed,80,80.2,80.2.1,80.2.1.1,Q14289,Q14289,Q14289,3.25,HUMAN,96,"['Cytoplasm', 'Cytoplasm', 'Perinuclear region', 'Cell membrane', 'Cell junction', 'Focal adhesion', 'Cell projection', 'Lamellipodium', 'Cytoplasm', 'Cell cortex', 'Nucleus']",Eukaryota/Metazoa
PH,4ekuA03,4EKU,Q14289,FAK2_HUMAN,2736,CA,GLU,FALSE,A,357,128.37,C,S,c,cathpdb,X-ray diffraction,FALSE,FALSE,FALSE,FALSE,,0,exposed,80,80.2,80.2.1,80.2.1.1,Q14289,Q14289,Q14289,3.25,HUMAN,97,"['Cytoplasm', 'Cytoplasm', 'Perinuclear region', 'Cell membrane', 'Cell junction', 'Focal adhesion', 'Cell projection', 'Lamellipodium', 'Cytoplasm', 'Cell cortex', 'Nucleus']",Eukaryota/Metazoa
PH,4ekuA03,4EKU,Q14289,FAK2_HUMAN,2739,CB,GLU,FALSE,A,357,135.69,C,S,c,cathpdb,X-ray diffraction,TRUE,TRUE,FALSE,FALSE,353;354;355;356;358;359,10,exposed,80,80.2,80.2.1,80.2.1.1,Q14289,Q14289,Q14289,3.25,HUMAN,97,"['Cytoplasm', 'Cytoplasm', 'Perinuclear region', 'Cell membrane', 'Cell junction', 'Focal adhesion', 'Cell projection', 'Lamellipodium', 'Cytoplasm', 'Cell cortex', 'Nucleus']",Eukaryota/Metazoa
PH,4ekuA03,4EKU,Q14289,FAK2_HUMAN,2745,CA,HIS,FALSE,A,358,129.94,C,S,e,cathpdb,X-ray diffraction,FALSE,FALSE,FALSE,FALSE,,0,exposed,80,80.2,80.2.1,80.2.1.1,Q14289,Q14289,Q14289,3.25,HUMAN,98,"['Cytoplasm', 'Cytoplasm', 'Perinuclear region', 'Cell membrane', 'Cell junction', 'Focal adhesion', 'Cell projection', 'Lamellipodium', 'Cytoplasm', 'Cell cortex', 'Nucleus']",Eukaryota/Metazoa
PH,4ekuA03,4EKU,Q14289,FAK2_HUMAN,2748,CB,HIS,FALSE,A,358,131.53,C,S,e,cathpdb,X-ray diffraction,FALSE,FALSE,FALSE,FALSE,,0,exposed,80,80.2,80.2.1,80.2.1.1,Q14289,Q14289,Q14289,3.25,HUMAN,98,"['Cytoplasm', 'Cytoplasm', 'Perinuclear region', 'Cell membrane', 'Cell junction', 'Focal adhesion', 'Cell projection', 'Lamellipodium', 'Cytoplasm', 'Cell cortex', 'Nucleus']",Eukaryota/Metazoa
PH,4ekuA03,4EKU,Q14289,FAK2_HUMAN,2755,CA,GLN,FALSE,A,359,126.64,C,S,d,cathpdb,X-ray diffraction,FALSE,FALSE,FALSE,FALSE,,0,exposed,80,80.2,80.2.1,80.2.1.1,Q14289,Q14289,Q14289,3.25,HUMAN,99,"['Cytoplasm', 'Cytoplasm', 'Perinuclear region', 'Cell membrane', 'Cell junction', 'Focal adhesion', 'Cell projection', 'Lamellipodium', 'Cytoplasm', 'Cell cortex', 'Nucleus']",Eukaryota/Metazoa
PH,4ekuA03,4EKU,Q14289,FAK2_HUMAN,2758,CB,GLN,FALSE,A,359,133.74,C,S,d,cathpdb,X-ray diffraction,TRUE,TRUE,FALSE,FALSE,353;356;357;358;360;361,11,exposed,80,80.2,80.2.1,80.2.1.1,Q14289,Q14289,Q14289,3.25,HUMAN,99,"['Cytoplasm', 'Cytoplasm', 'Perinuclear region', 'Cell membrane', 'Cell junction', 'Focal adhesion', 'Cell projection', 'Lamellipodium', 'Cytoplasm', 'Cell cortex', 'Nucleus']",Eukaryota/Metazoa
PH,4ekuA03,4EKU,Q14289,FAK2_HUMAN,2764,CA,GLY,FALSE,A,360,112.51,C,S,j,cathpdb,X-ray diffraction,TRUE,FALSE,FALSE,FALSE,,0,exposed,80,80.2,80.2.1,80.2.1.1,Q14289,Q14289,Q14289,3.25,HUMAN,100,"['Cytoplasm', 'Cytoplasm', 'Perinuclear region', 'Cell membrane', 'Cell junction', 'Focal adhesion', 'Cell projection', 'Lamellipodium', 'Cytoplasm', 'Cell cortex', 'Nucleus']",Eukaryota/Metazoa
PH,4ekuA03,4EKU,Q14289,FAK2_HUMAN,2768,CA,SER,FALSE,A,361,96.93,C,-,f,cathpdb,X-ray diffraction,FALSE,FALSE,FALSE,FALSE,,0,exposed,80,80.2,80.2.1,80.2.1.1,Q14289,Q14289,Q14289,3.25,HUMAN,101,"['Cytoplasm', 'Cytoplasm', 'Perinuclear region', 'Cell membrane', 'Cell junction', 'Focal adhesion', 'Cell projection', 'Lamellipodium', 'Cytoplasm', 'Cell cortex', 'Nucleus']",Eukaryota/Metazoa
PH,4ekuA03,4EKU,Q14289,FAK2_HUMAN,2771,CB,SER,FALSE,A,361,95.31,C,-,f,cathpdb,X-ray diffraction,FALSE,FALSE,FALSE,FALSE,,0,exposed,80,80.2,80.2.1,80.2.1.1,Q14289,Q14289,Q14289,3.25,HUMAN,101,"['Cytoplasm', 'Cytoplasm', 'Perinuclear region', 'Cell membrane', 'Cell junction', 'Focal adhesion', 'Cell projection', 'Lamellipodium', 'Cytoplasm', 'Cell cortex', 'Nucleus']",Eukaryota/Metazoa
PH,4ekuA03,4EKU,Q14289,FAK2_HUMAN,2774,CA,LEU,FALSE,A,362,94.81,C,S,b,cathpdb,X-ray diffraction,FALSE,FALSE,FALSE,FALSE,,0,buried,80,80.2,80.2.1,80.2.1.1,Q14289,Q14289,Q14289,3.25,HUMAN,102,"['Cytoplasm', 'Cytoplasm', 'Perinuclear region', 'Cell membrane', 'Cell junction', 'Focal adhesion', 'Cell projection', 'Lamellipodium', 'Cytoplasm', 'Cell cortex', 'Nucleus']",Eukaryota/Metazoa
PH,4ekuA03,4EKU,Q14289,FAK2_HUMAN,2777,CB,LEU,FALSE,A,362,92.56,C,S,b,cathpdb,X-ray diffraction,FALSE,FALSE,FALSE,FALSE,,0,buried,80,80.2,80.2.1,80.2.1.1,Q14289,Q14289,Q14289,3.25,HUMAN,102,"['Cytoplasm', 'Cytoplasm', 'Perinuclear region', 'Cell membrane', 'Cell junction', 'Focal adhesion', 'Cell projection', 'Lamellipodium', 'Cytoplasm', 'Cell cortex', 'Nucleus']",Eukaryota/Metazoa
PH,4ekuA03,4EKU,Q14289,FAK2_HUMAN,2782,CA,ILE,FALSE,A,363,89.9,C,-,d,cathpdb,X-ray diffraction,FALSE,FALSE,FALSE,FALSE,,0,exposed,80,80.2,80.2.1,80.2.1.1,Q14289,Q14289,Q14289,3.25,HUMAN,103,"['Cytoplasm', 'Cytoplasm', 'Perinuclear region', 'Cell membrane', 'Cell junction', 'Focal adhesion', 'Cell projection', 'Lamellipodium', 'Cytoplasm', 'Cell cortex', 'Nucleus']",Eukaryota/Metazoa
PH,4ekuA03,4EKU,Q14289,FAK2_HUMAN,2785,CB,ILE,FALSE,A,363,86.17,C,-,d,cathpdb,X-ray diffraction,FALSE,FALSE,FALSE,FALSE,,0,exposed,80,80.2,80.2.1,80.2.1.1,Q14289,Q14289,Q14289,3.25,HUMAN,103,"['Cytoplasm', 'Cytoplasm', 'Perinuclear region', 'Cell membrane', 'Cell junction', 'Focal adhesion', 'Cell projection', 'Lamellipodium', 'Cytoplasm', 'Cell cortex', 'Nucleus']",Eukaryota/Metazoa
PH,4ekuA03,4EKU,Q14289,FAK2_HUMAN,2790,CA,ILE,FALSE,A,364,106.43,C,-,c,cathpdb,X-ray diffraction,FALSE,FALSE,FALSE,FALSE,,0,exposed,80,80.2,80.2.1,80.2.1.1,Q14289,Q14289,Q14289,3.25,HUMAN,104,"['Cytoplasm', 'Cytoplasm', 'Perinuclear region', 'Cell membrane', 'Cell junction', 'Focal adhesion', 'Cell projection', 'Lamellipodium', 'Cytoplasm', 'Cell cortex', 'Nucleus']",Eukaryota/Metazoa
PH,4ekuA03,4EKU,Q14289,FAK2_HUMAN,2793,CB,ILE,FALSE,A,364,108.92,C,-,c,cathpdb,X-ray diffraction,FALSE,FALSE,FALSE,FALSE,,0,exposed,80,80.2,80.2.1,80.2.1.1,Q14289,Q14289,Q14289,3.25,HUMAN,104,"['Cytoplasm', 'Cytoplasm', 'Perinuclear region', 'Cell membrane', 'Cell junction', 'Focal adhesion', 'Cell projection', 'Lamellipodium', 'Cytoplasm', 'Cell cortex', 'Nucleus']",Eukaryota/Metazoa
PH,4ekuA03,4EKU,Q14289,FAK2_HUMAN,2798,CA,HIS,FALSE,A,365,120.13,C,-,Z,cathpdb,X-ray diffraction,FALSE,FALSE,FALSE,FALSE,,0,exposed,80,80.2,80.2.1,80.2.1.1,Q14289,Q14289,Q14289,3.25,HUMAN,105,"['Cytoplasm', 'Cytoplasm', 'Perinuclear region', 'Cell membrane', 'Cell junction', 'Focal adhesion', 'Cell projection', 'Lamellipodium', 'Cytoplasm', 'Cell cortex', 'Nucleus']",Eukaryota/Metazoa
PH,4ekuA03,4EKU,Q14289,FAK2_HUMAN,2801,CB,HIS,FALSE,A,365,118.09,C,-,Z,cathpdb,X-ray diffraction,TRUE,TRUE,FALSE,FALSE,309;310;311;363;364;366,12,exposed,80,80.2,80.2.1,80.2.1.1,Q14289,Q14289,Q14289,3.25,HUMAN,105,"['Cytoplasm', 'Cytoplasm', 'Perinuclear region', 'Cell membrane', 'Cell junction', 'Focal adhesion', 'Cell projection', 'Lamellipodium', 'Cytoplasm', 'Cell cortex', 'Nucleus']",Eukaryota/Metazoa
PH,4ekuA03,4EKU,Q14289,FAK2_HUMAN,2808,CA,PRO,FALSE,A,366,142.58,C,-,Z,cathpdb,X-ray diffraction,TRUE,FALSE,FALSE,FALSE,,0,exposed,80,80.2,80.2.1,80.2.1.1,Q14289,Q14289,Q14289,3.25,HUMAN,106,"['Cytoplasm', 'Cytoplasm', 'Perinuclear region', 'Cell membrane', 'Cell junction', 'Focal adhesion', 'Cell projection', 'Lamellipodium', 'Cytoplasm', 'Cell cortex', 'Nucleus']",Eukaryota/Metazoa
PH,4ekuA03,4EKU,Q14289,FAK2_HUMAN,2811,CB,PRO,FALSE,A,366,146.6,C,-,Z,cathpdb,X-ray diffraction,TRUE,TRUE,FALSE,FALSE,309;364;365,7,exposed,80,80.2,80.2.1,80.2.1.1,Q14289,Q14289,Q14289,3.25,HUMAN,106,"['Cytoplasm', 'Cytoplasm', 'Perinuclear region', 'Cell membrane', 'Cell junction', 'Focal adhesion', 'Cell projection', 'Lamellipodium', 'Cytoplasm', 'Cell cortex', 'Nucleus']",Eukaryota/Metazoa